"","Y.pred","var","beta"
"1","DNAmGDF_15","Intercept",1975.79838006581
"2","DNAmGDF_15","Age",9.35135715658526
"3","DNAmGDF_15","cg21789941",84.3645750465184
"4","DNAmGDF_15","cg22866430",143.696062204127
"5","DNAmGDF_15","cg18234973",81.3786460649786
"6","DNAmGDF_15","cg26110733",29.0401030316876
"7","DNAmGDF_15","cg10636246",-112.494472672218
"8","DNAmGDF_15","cg10578779",11.2437269666517
"9","DNAmGDF_15","cg17591574",-118.383551456933
"10","DNAmGDF_15","cg13371627",-1980.76073282933
"11","DNAmGDF_15","cg12458003",12.0904830352921
"12","DNAmGDF_15","cg13180152",381.682916735963
"13","DNAmGDF_15","cg21459583",20.0942867265565
"14","DNAmGDF_15","cg18278247",79.3322750553387
"15","DNAmGDF_15","cg06022832",93.1665736413238
"16","DNAmGDF_15","cg21566642",-42.0489561410823
"17","DNAmGDF_15","cg01940273",-56.211282914049
"18","DNAmGDF_15","cg08110610",50.3369663547314
"19","DNAmGDF_15","cg00684178",-4.69052672804204
"20","DNAmGDF_15","cg27380813",23.8657733896865
"21","DNAmGDF_15","cg03827386",110.179737501481
"22","DNAmGDF_15","cg15849439",-504.006706772283
"23","DNAmGDF_15","cg06349851",454.892435713384
"24","DNAmGDF_15","cg25598319",3.9399225957086
"25","DNAmGDF_15","cg25845889",10.757634693789
"26","DNAmGDF_15","cg15228492",-21.759385281921
"27","DNAmGDF_15","cg03900798",191.662225661768
"28","DNAmGDF_15","cg20576510",342.773200296282
"29","DNAmGDF_15","cg12988996",-183.743925450784
"30","DNAmGDF_15","cg11569478",297.911005028156
"31","DNAmGDF_15","cg01603456",50.0320246681574
"32","DNAmGDF_15","cg18584747",996.863506695649
"33","DNAmGDF_15","cg17543884",56.404864825894
"34","DNAmGDF_15","cg22090064",434.91431973695
"35","DNAmGDF_15","cg11923914",373.352080586456
"36","DNAmGDF_15","cg18394552",5.96777355659719
"37","DNAmGDF_15","cg24801535",-1103.92861237746
"38","DNAmGDF_15","cg12325588",-243.41708457698
"39","DNAmGDF_15","cg23367341",-56.3635909479529
"40","DNAmGDF_15","cg04987004",60.4625597660618
"41","DNAmGDF_15","cg24859433",-259.250962499085
"42","DNAmGDF_15","cg10940833",-10.6254683766318
"43","DNAmGDF_15","cg11539695",31.4272225415853
"44","DNAmGDF_15","cg26987613",-39.1513928553244
"45","DNAmGDF_15","cg17598713",799.11876321041
"46","DNAmGDF_15","cg26433444",153.840896093951
"47","DNAmGDF_15","cg25325512",-17.8471627194383
"48","DNAmGDF_15","cg02272457",531.529489703616
"49","DNAmGDF_15","cg10169261",-1325.41000406464
"50","DNAmGDF_15","cg03098356",-329.99689632662
"51","DNAmGDF_15","cg06649410",218.4150191213
"52","DNAmGDF_15","cg15822010",214.576371165787
"53","DNAmGDF_15","cg15089567",48.8900201849141
"54","DNAmGDF_15","cg00332048",-59.4487571206081
"55","DNAmGDF_15","cg01391867",315.595742625886
"56","DNAmGDF_15","cg07113802",106.423042300997
"57","DNAmGDF_15","cg03473532",-54.182744794501
"58","DNAmGDF_15","cg15573979",-153.878791382491
"59","DNAmGDF_15","cg08202754",49.91868453588
"60","DNAmGDF_15","cg14260002",24.8565789517099
"61","DNAmGDF_15","cg06563451",414.626393559752
"62","DNAmGDF_15","cg03460603",26.8736260626688
"63","DNAmGDF_15","cg25448355",67.8885386659051
"64","DNAmGDF_15","cg24493971",12.1049995209733
"65","DNAmGDF_15","cg02716826",-52.5044522143997
"66","DNAmGDF_15","cg14355192",889.218713583825
"67","DNAmGDF_15","cg13649864",120.06703786817
"68","DNAmGDF_15","cg11295183",-206.100077817914
"69","DNAmGDF_15","cg18388639",-386.28051552729
"70","DNAmGDF_15","cg06752157",192.761280326887
"71","DNAmGDF_15","cg18148156",3.60780317435967
"72","DNAmGDF_15","cg19935065",37.4087298256244
"73","DNAmGDF_15","cg10549018",44.7924230732854
"74","DNAmGDF_15","cg07927953",54.1535853018429
"75","DNAmGDF_15","cg01057893",32.0862807873449
"76","DNAmGDF_15","cg04431596",246.199024928972
"77","DNAmGDF_15","cg06806711",206.802641235408
"78","DNAmGDF_15","cg13620770",-92.4584341841257
"79","DNAmGDF_15","cg03764506",-1107.85072229434
"80","DNAmGDF_15","cg07582047",-375.40987787354
"81","DNAmGDF_15","cg16649728",18.1044627957745
"82","DNAmGDF_15","cg06854487",-91.8518677361367
"83","DNAmGDF_15","cg25371036",-63.8372547775157
"84","DNAmGDF_15","cg20941739",238.320273419189
"85","DNAmGDF_15","cg05021075",-25.5386232580937
"86","DNAmGDF_15","cg01975858",35.8489136531165
"87","DNAmGDF_15","cg20923047",-32.2708400663498
"88","DNAmGDF_15","cg19783150",-257.981909240217
"89","DNAmGDF_15","cg01641177",53.5024022195054
"90","DNAmGDF_15","cg07677157",-77.9442623720317
"91","DNAmGDF_15","cg21579274",156.26836110449
"92","DNAmGDF_15","cg01687878",109.956323907149
"93","DNAmGDF_15","cg18159533",-2848.64988945051
"94","DNAmGDF_15","cg04323814",30.1252132878284
"95","DNAmGDF_15","cg04836038",53.7733785902178
"96","DNAmGDF_15","cg16188984",110.631158854328
"97","DNAmGDF_15","cg11605750",-825.21751004024
"98","DNAmGDF_15","cg18607491",-331.229619990281
"99","DNAmGDF_15","cg14870958",140.782012696875
"100","DNAmGDF_15","cg19491388",147.484395315974
"101","DNAmGDF_15","cg02135821",132.387287804403
"102","DNAmGDF_15","cg09279803",43.064143524449
"103","DNAmGDF_15","cg26481784",2829.03325406243
"104","DNAmGDF_15","cg19459791",63.7486521422154
"105","DNAmGDF_15","cg16730765",10.3887299834741
"106","DNAmGDF_15","cg19987111",-50.3079268871237
"107","DNAmGDF_15","cg02880119",3.54560747360403
"108","DNAmGDF_15","cg22616007",-1405.41314954605
"109","DNAmGDF_15","cg06946797",-48.5102351988411
"110","DNAmGDF_15","cg26837962",154.58446235931
"111","DNAmGDF_15","cg08659340",114.969094781296
"112","DNAmGDF_15","cg07984286",-14.040835541776
"113","DNAmGDF_15","cg00417823",183.424932892665
"114","DNAmGDF_15","cg05180206",142.188315889555
"115","DNAmGDF_15","cg09899215",-6.37392224392748
"116","DNAmGDF_15","cg04379563",426.346953538729
"117","DNAmGDF_15","cg09834822",19.3842827512983
"118","DNAmGDF_15","cg18951537",259.83024278993
"119","DNAmGDF_15","cg23842572",154.988662304773
"120","DNAmGDF_15","cg25613227",79.0670559992454
"121","DNAmGDF_15","cg07660627",62.9366515221915
"122","DNAmGDF_15","cg22156456",-244.17892370611
"123","DNAmGDF_15","cg18181703",-141.600623980105
"124","DNAmGDF_15","cg25876186",1177.88742283562
"125","DNAmGDF_15","cg23691771",191.422165759998
"126","DNAmGDF_15","cg00870265",-723.174358373599
"127","DNAmGDF_15","cg03739265",36.4013312471479
"128","DNAmGDF_15","cg03636183",-226.386648681754
"129","DNAmGDF_15","cg02291424",551.376428118435
"130","DNAmGDF_15","cg26853093",935.710317953451
"131","DNAmGDF_15","cg03110633",42.8672450396632
"132","DNAmGDF_15","cg07127225",-141.297085050118
"133","DNAmGDF_15","cg24580066",1661.42813692813
"134","DNAmGDF_15","cg04588969",-1016.65681272549
"135","DNAmGDF_15","cg21727276",122.089364577287
"136","DNAmGDF_15","cg09051966",7.65864894014322
"137","DNAmGDF_15","cg18345924",-47.0334591947748
"138","DNAmGDF_15","cg18638931",1.54447482011514
"139","DNAmGDF_15","cg23549061",15.9616475810009
"140","DNAmB2M","Intercept",1412953.39254369
"141","DNAmB2M","Age",10486.9154709606
"142","DNAmB2M","cg13947317",316962.649178047
"143","DNAmB2M","cg22510139",33927.1042004982
"144","DNAmB2M","cg10116490",-160612.38037752
"145","DNAmB2M","cg27396830",75457.172737727
"146","DNAmB2M","cg19414383",87985.7385731754
"147","DNAmB2M","cg03345668",292882.891146832
"148","DNAmB2M","cg17719473",-23280.1708826049
"149","DNAmB2M","cg20569940",43791.1814305006
"150","DNAmB2M","cg26156167",302011.972254053
"151","DNAmB2M","cg10578779",1916187.01549815
"152","DNAmB2M","cg15631106",-58500.5954454476
"153","DNAmB2M","cg22704788",-126869.88236218
"154","DNAmB2M","cg20240347",1506.06523251617
"155","DNAmB2M","cg17803430",1417.4544509295
"156","DNAmB2M","cg20800892",44895.4699699278
"157","DNAmB2M","cg01909777",267379.556352075
"158","DNAmB2M","cg15849439",-924930.562774245
"159","DNAmB2M","cg12605080",69711.0384054294
"160","DNAmB2M","cg01163330",102607.992030838
"161","DNAmB2M","cg10753966",49483.2637577931
"162","DNAmB2M","cg19501902",65359.7662542834
"163","DNAmB2M","cg13287247",-13569.7190359544
"164","DNAmB2M","cg22930808",-13531.3000709588
"165","DNAmB2M","cg08122652",-84787.7023031268
"166","DNAmB2M","cg00959259",-129131.72586728
"167","DNAmB2M","cg20576510",412413.885770526
"168","DNAmB2M","cg10202557",-67296.7247612121
"169","DNAmB2M","cg27134386",28426.3562302711
"170","DNAmB2M","cg10584300",89744.1911998483
"171","DNAmB2M","cg03274876",1278255.84781551
"172","DNAmB2M","cg17287155",49852.9705498131
"173","DNAmB2M","cg04764584",71716.6572003217
"174","DNAmB2M","cg15679283",-122608.108445007
"175","DNAmB2M","cg17533522",79928.4910004432
"176","DNAmB2M","cg14868212",4164.67797282168
"177","DNAmB2M","cg16274199",-74981.8669686426
"178","DNAmB2M","cg13309828",-2250.34996712024
"179","DNAmB2M","cg12612118",310046.33914592
"180","DNAmB2M","cg03415429",2041585.62692023
"181","DNAmB2M","cg15947697",121995.190790731
"182","DNAmB2M","cg11867651",36182.6031150856
"183","DNAmB2M","cg17096289",-37112.8869358414
"184","DNAmB2M","cg01517384",-365377.903453363
"185","DNAmB2M","cg16928551",32859.0505733278
"186","DNAmB2M","cg26987613",-138988.774240994
"187","DNAmB2M","cg20660989",179808.73886943
"188","DNAmB2M","cg21288889",86176.990380872
"189","DNAmB2M","cg06649410",237640.825118413
"190","DNAmB2M","cg17501210",-158080.498156623
"191","DNAmB2M","cg02515033",-148592.026773051
"192","DNAmB2M","cg00907204",-189628.621321394
"193","DNAmB2M","cg16847637",365717.659979232
"194","DNAmB2M","cg03473532",-102274.497094702
"195","DNAmB2M","cg07205627",50242.3695665496
"196","DNAmB2M","cg14508358",1295.17169803724
"197","DNAmB2M","cg04661709",15704.821353515
"198","DNAmB2M","cg13428009",-272551.671661212
"199","DNAmB2M","cg08410533",-25204.311153396
"200","DNAmB2M","cg12329405",919782.449554223
"201","DNAmB2M","cg14984434",31913.9444224943
"202","DNAmB2M","cg07690734",-775104.454133489
"203","DNAmB2M","cg17310258",43111.3581650275
"204","DNAmB2M","cg14955976",-56813.1200493903
"205","DNAmB2M","cg06975311",96077.8284882403
"206","DNAmB2M","cg16246188",128678.195328148
"207","DNAmB2M","cg07631435",15934.6708720117
"208","DNAmB2M","cg12211040",8327.36024762002
"209","DNAmB2M","cg11764442",273393.764741911
"210","DNAmB2M","cg10535933",-14274.5886611694
"211","DNAmB2M","cg01624571",-496774.282631727
"212","DNAmB2M","cg24521756",4509.12762171859
"213","DNAmB2M","cg07842062",44148.7648938048
"214","DNAmB2M","cg08072101",17501.365336574
"215","DNAmB2M","cg03955530",44832.143583848
"216","DNAmB2M","cg07839457",-124411.671161941
"217","DNAmB2M","cg04976151",-22183.8608401972
"218","DNAmB2M","cg03400403",-152041.37743652
"219","DNAmB2M","cg04745805",-227903.357270092
"220","DNAmB2M","cg14545159",168092.194697058
"221","DNAmB2M","cg18181703",-287256.310409528
"222","DNAmB2M","cg17100770",102877.709461468
"223","DNAmB2M","cg27145096",-98452.6232264516
"224","DNAmB2M","cg13077366",-960.488279805987
"225","DNAmB2M","cg21656736",-115220.44384793
"226","DNAmB2M","cg07573872",-73518.9148699959
"227","DNAmB2M","cg21736089",-282215.13718356
"228","DNAmB2M","cg07543883",13142.658803561
"229","DNAmB2M","cg10224107",-185521.722167204
"230","DNAmB2M","cg03760035",264986.91289513
"231","DNAmB2M","cg03706056",-21140.3058442701
"232","DNAmB2M","cg13092901",-53686.4041975208
"292","DNAmCystatin_C","Intercept",1091528.48443649
"293","DNAmCystatin_C","Age",2589.66760535677
"294","DNAmCystatin_C","cg00695391",-15088.6602055324
"295","DNAmCystatin_C","cg16305333",36553.1189654623
"296","DNAmCystatin_C","cg00970752",-14194.4018625678
"297","DNAmCystatin_C","cg04967775",177517.658896004
"298","DNAmCystatin_C","cg06901711",2264.05796134309
"299","DNAmCystatin_C","cg01431830",-3639.99391144687
"300","DNAmCystatin_C","cg10578779",146477.489902289
"301","DNAmCystatin_C","cg26359730",11819.2111499682
"302","DNAmCystatin_C","cg10585941",438.572917601977
"303","DNAmCystatin_C","cg01939962",-35147.8498846653
"304","DNAmCystatin_C","cg06809285",-146515.600206272
"305","DNAmCystatin_C","cg11336382",3482.8417675804
"306","DNAmCystatin_C","cg09920725",46536.508038271
"307","DNAmCystatin_C","cg24000528",-19400.6569012676
"308","DNAmCystatin_C","cg13772414",5430.86109628761
"309","DNAmCystatin_C","cg08007899",-2332.13200435533
"310","DNAmCystatin_C","cg15808795",28774.9474246897
"311","DNAmCystatin_C","cg24110177",37130.917365514
"312","DNAmCystatin_C","cg10753966",4642.5301815228
"313","DNAmCystatin_C","cg00481951",2118.04542674843
"314","DNAmCystatin_C","cg04748223",8312.26953947263
"315","DNAmCystatin_C","cg22518157",1070.03236335069
"316","DNAmCystatin_C","cg22714094",53286.460341207
"317","DNAmCystatin_C","cg10177080",6551.35170700327
"318","DNAmCystatin_C","cg15845365",1233.95034950604
"319","DNAmCystatin_C","cg27628536",-2420.19455797505
"320","DNAmCystatin_C","cg24765579",3439.35552740404
"321","DNAmCystatin_C","cg15988937",13203.8332028703
"322","DNAmCystatin_C","cg02081065",35212.9697818061
"323","DNAmCystatin_C","cg12612118",16375.7874337517
"324","DNAmCystatin_C","cg12298697",-14671.032101636
"325","DNAmCystatin_C","cg20660989",29314.7509895261
"326","DNAmCystatin_C","cg03546163",-26269.3794561028
"327","DNAmCystatin_C","cg25325512",-17344.6681304508
"328","DNAmCystatin_C","cg00684824",14641.4643238439
"329","DNAmCystatin_C","cg02713068",18575.3703112607
"330","DNAmCystatin_C","cg06649410",151820.943296627
"331","DNAmCystatin_C","cg17501210",-71334.6683946857
"332","DNAmCystatin_C","cg03807873",-42833.455177419
"333","DNAmCystatin_C","cg21899558",-6957.30047218442
"334","DNAmCystatin_C","cg07025011",37473.74980075
"335","DNAmCystatin_C","cg16847637",37585.6338462947
"336","DNAmCystatin_C","cg06563451",204677.848868231
"337","DNAmCystatin_C","cg02716826",-32003.6576554884
"338","DNAmCystatin_C","cg08410533",-9247.89128946357
"339","DNAmCystatin_C","cg04196119",6184.11902637854
"340","DNAmCystatin_C","cg12329405",386984.355656232
"341","DNAmCystatin_C","cg12379046",66943.1320191626
"342","DNAmCystatin_C","cg03950121",96821.9239848508
"343","DNAmCystatin_C","cg03096347",-26683.0421147344
"344","DNAmCystatin_C","cg22620356",2091.25008534247
"345","DNAmCystatin_C","cg17310258",10424.1906056575
"346","DNAmCystatin_C","cg18886347",-4014.40511230201
"347","DNAmCystatin_C","cg14592365",43339.3968121301
"348","DNAmCystatin_C","cg07631435",44387.2291461146
"349","DNAmCystatin_C","cg03112631",-34293.1327545183
"350","DNAmCystatin_C","cg01635346",25375.20402616
"351","DNAmCystatin_C","cg25966649",4570.67835314875
"352","DNAmCystatin_C","cg23510415",-141.201967149777
"353","DNAmCystatin_C","cg18159533",-416292.988441312
"354","DNAmCystatin_C","cg16982073",17051.7803599408
"355","DNAmCystatin_C","cg25572904",7590.84052392849
"356","DNAmCystatin_C","cg02150207",144468.248244152
"357","DNAmCystatin_C","cg13649020",-17000.9565321777
"358","DNAmCystatin_C","cg06903325",34035.5405474505
"359","DNAmCystatin_C","cg05078817",8753.60081189771
"360","DNAmCystatin_C","cg13898384",66947.972129418
"361","DNAmCystatin_C","cg13634681",-71094.1947720312
"362","DNAmCystatin_C","cg01624571",-109593.176195574
"363","DNAmCystatin_C","cg14153919",17498.9617151649
"364","DNAmCystatin_C","cg05575505",-50734.1439766346
"365","DNAmCystatin_C","cg19987111",-63923.6539594595
"366","DNAmCystatin_C","cg05638439",-8688.35761244069
"367","DNAmCystatin_C","cg26470314",36782.8313377302
"368","DNAmCystatin_C","cg24429836",-5034.03008515542
"369","DNAmCystatin_C","cg04120520",-34433.7796843526
"370","DNAmCystatin_C","cg09319676",-233897.943312838
"371","DNAmCystatin_C","cg20433952",1833.29788489698
"372","DNAmCystatin_C","cg02220125",16876.3412041466
"373","DNAmCystatin_C","cg18181703",-40006.8611602381
"374","DNAmCystatin_C","cg10701033",-50105.349704175
"375","DNAmCystatin_C","cg07529654",-1996.11808360425
"376","DNAmCystatin_C","cg27145096",-94506.0055606424
"377","DNAmCystatin_C","cg07573872",-36287.9588403653
"378","DNAmCystatin_C","cg14528319",-36564.0602221945
"379","DNAmCystatin_C","cg09845806",-14249.2517798542
"380","DNAmCystatin_C","cg03706056",-2973.63098848083
"381","DNAmTIMP_1","Intercept",15844.5955499652
"382","DNAmTIMP_1","Age",127.237985299959
"383","DNAmTIMP_1","cg19414383",576.614231116861
"384","DNAmTIMP_1","cg25536676",-161.490704999967
"385","DNAmTIMP_1","cg22820188",-186.516681943981
"386","DNAmTIMP_1","cg10753966",571.637580993393
"387","DNAmTIMP_1","cg23944298",174.816068316133
"388","DNAmTIMP_1","cg07553761",23.6637846739577
"389","DNAmTIMP_1","cg10202557",-228.554335940474
"390","DNAmTIMP_1","cg05604079",58.9803069439867
"391","DNAmTIMP_1","cg11444009",469.256761354689
"392","DNAmTIMP_1","cg25149516",723.093992227113
"393","DNAmTIMP_1","cg18584747",1335.65021552814
"394","DNAmTIMP_1","cg20405584",542.545729358338
"395","DNAmTIMP_1","cg11299854",2160.82778232959
"396","DNAmTIMP_1","cg24708145",922.797392481523
"397","DNAmTIMP_1","cg25663874",7743.75167675277
"398","DNAmTIMP_1","cg25325512",-1151.79795691517
"399","DNAmTIMP_1","cg13001142",-43.2796795476721
"400","DNAmTIMP_1","cg06649410",407.751205244098
"401","DNAmTIMP_1","cg17501210",-5735.69266147858
"402","DNAmTIMP_1","cg03473532",-11.8330451997905
"403","DNAmTIMP_1","cg20468415",-665.969972680413
"404","DNAmTIMP_1","cg11782409",340.971911038376
"405","DNAmTIMP_1","cg07205627",207.729951259065
"406","DNAmTIMP_1","cg08410533",-32.8434884240484
"407","DNAmTIMP_1","cg12483947",-1965.67589709866
"408","DNAmTIMP_1","cg23371436",253.168222508682
"409","DNAmTIMP_1","cg24894584",23.7856582496302
"410","DNAmTIMP_1","cg26266429",3192.89858596346
"411","DNAmTIMP_1","cg10068417",67.0211717093667
"412","DNAmTIMP_1","cg25572904",125.863457038078
"413","DNAmTIMP_1","cg13543355",527.903317835046
"414","DNAmTIMP_1","cg26481784",11323.9697394811
"415","DNAmTIMP_1","cg13898384",5311.46180594067
"416","DNAmTIMP_1","cg19459791",241.555637163606
"417","DNAmTIMP_1","cg03172657",353.616046166501
"418","DNAmTIMP_1","cg18181703",-790.046671542036
"419","DNAmTIMP_1","cg07573872",-1936.49414722055
"420","DNAmTIMP_1","cg09051966",225.116384699297
"421","DNAmTIMP_1","cg25841091",956.410174778841
"422","DNAmTIMP_1","cg12516875",-1148.0672485594
"423","DNAmTIMP_1","cg07274490",1462.17114346444
"424","DNAmTIMP_1","cg07929447",121.837809945082
"425","DNAmadm","Intercept",290.169302775219
"426","DNAmadm","Age",0.943695016389644
"427","DNAmadm","cg13947317",4.99510794101288
"428","DNAmadm","cg21272576",5.08618666597036
"429","DNAmadm","cg03522107",28.6409032801413
"430","DNAmadm","cg03259703",6.46273211550771
"431","DNAmadm","cg05461666",-118.218405240724
"432","DNAmadm","cg15860924",-2.75285447178266
"433","DNAmadm","cg10327168",-55.5680024117011
"434","DNAmadm","cg24393673",-0.683384830060592
"435","DNAmadm","cg23923856",0.826537998860638
"436","DNAmadm","cg14476101",-8.58667623879571
"437","DNAmadm","cg20569940",9.29079059119865
"438","DNAmadm","cg10578779",281.418665718373
"439","DNAmadm","cg05996213",9.88013851610173
"440","DNAmadm","cg03424844",-1.11006074765531
"441","DNAmadm","cg19570545",-0.0368021062770594
"442","DNAmadm","cg20248954",202.862567175863
"443","DNAmadm","cg08138571",-114.294571541912
"444","DNAmadm","cg23814988",248.897329858788
"445","DNAmadm","cg20801751",5.33032141653309
"446","DNAmadm","cg11333189",4.49586781728716
"447","DNAmadm","cg08055490",-4.7390030976665
"448","DNAmadm","cg09920725",133.714363828734
"449","DNAmadm","cg10354495",-2.24058049366429
"450","DNAmadm","cg04659537",-3.31199846391856
"451","DNAmadm","cg14088844",19.0817824283681
"452","DNAmadm","cg07258300",2.63143255477273
"453","DNAmadm","cg26191447",-24.0761009290753
"454","DNAmadm","cg02831419",-8.62603713112419
"455","DNAmadm","cg20550050",-32.4086070515056
"456","DNAmadm","cg06266189",0.345722765970809
"457","DNAmadm","cg12791136",7.79452299578101
"458","DNAmadm","cg12918464",0.0766377208124113
"459","DNAmadm","cg14508777",5.47028558725935
"460","DNAmadm","cg05993589",3.39210381459196
"461","DNAmadm","cg23431721",-2.20865254008598
"462","DNAmadm","cg07105440",-63.3597342880369
"463","DNAmadm","cg03929796",-66.4627853055537
"464","DNAmadm","cg23511118",32.681659529475
"465","DNAmadm","cg13155421",-52.5147930519391
"466","DNAmadm","cg03840504",-21.9260049192157
"467","DNAmadm","cg19389001",34.7529206236664
"468","DNAmadm","cg15709989",3.48000043485936
"469","DNAmadm","cg13296371",11.5792366183037
"470","DNAmadm","cg21761813",10.6848291331871
"471","DNAmadm","cg00398048",-2.43077196771361
"472","DNAmadm","cg25149516",1.90060707040944
"473","DNAmadm","cg10177080",1.94904265845309
"474","DNAmadm","cg09578605",-6.18688289160618
"475","DNAmadm","cg01817885",-0.56119916633934
"476","DNAmadm","cg12980795",-2.21536591103443
"477","DNAmadm","cg01256539",-22.3895380296548
"478","DNAmadm","cg19076659",6.56541342300704
"479","DNAmadm","cg05182912",154.591704678031
"480","DNAmadm","cg00543335",8.78085006323219
"481","DNAmadm","cg21584251",1.39260576032095
"482","DNAmadm","cg00558975",1.52163402733084
"483","DNAmadm","cg01187498",11.4725750318832
"484","DNAmadm","cg22983827",6.39204713356555
"485","DNAmadm","cg02782857",15.0450764669115
"486","DNAmadm","cg17286012",21.4213621682652
"487","DNAmadm","cg02066343",33.3264970651247
"488","DNAmadm","cg25325512",-10.6620690387134
"489","DNAmadm","cg08373528",13.0756990771523
"490","DNAmadm","cg15290848",-25.4005574415169
"491","DNAmadm","cg08877853",-1.61920706549213
"492","DNAmadm","cg01883195",22.3447702716587
"493","DNAmadm","cg00936722",2.00172558487486
"494","DNAmadm","cg00554421",-13.7301328450289
"495","DNAmadm","cg11287647",0.0918217647555284
"496","DNAmadm","cg13917964",-4.75014693352426
"497","DNAmadm","cg00277397",-34.251685270464
"498","DNAmadm","cg20352798",83.5591147846279
"499","DNAmadm","cg10119082",-12.8506764731127
"500","DNAmadm","cg17981101",-1.91174775316373
"501","DNAmadm","cg03494277",23.2165589088278
"502","DNAmadm","cg09315887",-1.5129835757322
"503","DNAmadm","cg04599158",41.519184101745
"504","DNAmadm","cg02627240",-0.390016354185791
"505","DNAmadm","cg01026009",-3.3103250751871
"506","DNAmadm","cg03276920",2.83699289574022
"507","DNAmadm","cg13398470",29.5721226273881
"508","DNAmadm","cg07205627",3.28854026430204
"509","DNAmadm","cg05065162",-9.62125157433765
"510","DNAmadm","cg12396523",-5.45553289982443
"511","DNAmadm","cg12831076",20.1541611012148
"512","DNAmadm","cg22902266",70.1121134764774
"513","DNAmadm","cg04661709",8.95948952859374
"514","DNAmadm","cg01355108",1.50727568600171
"515","DNAmadm","cg26581729",-10.6538073020814
"516","DNAmadm","cg02613108",-1.23436742959321
"517","DNAmadm","cg12329405",27.2757728689364
"518","DNAmadm","cg20245361",5.25355180944834
"519","DNAmadm","cg07793207",-13.8915004736519
"520","DNAmadm","cg07733920",-1.83470382584461
"521","DNAmadm","cg02415341",2.18369305027978
"522","DNAmadm","cg12893697",0.754770471551572
"523","DNAmadm","cg18886347",-15.6213850367093
"524","DNAmadm","cg19083871",69.9509487658993
"525","DNAmadm","cg13875901",3.51506553673098
"526","DNAmadm","cg02970861",-21.7621002494779
"527","DNAmadm","cg26967875",-1.87872864557151
"528","DNAmadm","cg00574958",-80.9649617917172
"529","DNAmadm","cg22355889",1.48905124549028
"530","DNAmadm","cg05839709",2.69605023440126
"531","DNAmadm","cg19061798",4.35111990727237
"532","DNAmadm","cg11932091",46.078092262444
"533","DNAmadm","cg26527903",25.5733391028683
"534","DNAmadm","cg24420742",-11.0508700659205
"535","DNAmadm","cg10948795",2.17875096166762
"536","DNAmadm","cg17117459",-35.6383940665151
"537","DNAmadm","cg18331061",-43.5551884098726
"538","DNAmadm","cg21879240",82.8937968444603
"539","DNAmadm","cg20656525",6.65197221547433
"540","DNAmadm","cg14543641",7.76062933421467
"541","DNAmadm","cg04634427",0.285210530228554
"542","DNAmadm","cg01624571",-65.5376954016715
"543","DNAmadm","cg05575505",-17.8617422840107
"544","DNAmadm","cg06051159",0.713204185737317
"545","DNAmadm","cg00994306",-10.9663017036892
"546","DNAmadm","cg02295856",14.6096338150929
"547","DNAmadm","cg12991522",101.104397615228
"548","DNAmadm","cg00036119",0.689463510706132
"549","DNAmadm","cg05995267",-4.05812817763972
"550","DNAmadm","cg06722193",1.78057169109809
"551","DNAmadm","cg05782444",4.25947566165654
"552","DNAmadm","cg26943759",20.4602667647805
"553","DNAmadm","cg05737638",13.1035426067271
"554","DNAmadm","cg21649005",-32.5578571727393
"555","DNAmadm","cg06419850",25.3992439499151
"556","DNAmadm","cg19761014",9.72073050193203
"557","DNAmadm","cg05174890",-0.107867890470563
"558","DNAmadm","cg10431713",-20.8822730438458
"559","DNAmadm","cg02483931",4.99970479912185
"560","DNAmadm","cg07477034",-35.779864044095
"561","DNAmadm","cg15815084",-3.43166729869459
"562","DNAmadm","cg12054453",-4.4198669436134
"563","DNAmadm","cg03568017",-7.3088959219372
"564","DNAmadm","cg02633924",-38.7705430765668
"565","DNAmadm","cg18181703",-82.4236671074754
"566","DNAmadm","cg27637521",-112.370867898298
"567","DNAmadm","cg05420896",-6.65666406397895
"568","DNAmadm","cg19283806",-6.02398524079085
"569","DNAmadm","cg27569863",1.44076066849143
"570","DNAmadm","cg13611456",-17.7119283366701
"571","DNAmadm","cg10677351",-5.3292358923493
"572","DNAmadm","cg15011409",2.01635505721187
"573","DNAmadm","cg17676631",2.25794704034529
"574","DNAmadm","cg11594160",2.75182962221803
"575","DNAmadm","cg26950531",-7.32542411891438
"576","DNAmadm","cg22538557",129.140887101692
"577","DNAmadm","cg23278885",-11.409763140962
"578","DNAmadm","cg08074820",-12.6956662799212
"579","DNAmadm","cg11086127",9.59697854843743
"580","DNAmadm","cg00412842",6.59867474416816
"581","DNAmadm","cg27294156",-5.12356671966498
"582","DNAmadm","cg22163406",31.0108162310453
"583","DNAmadm","cg08334432",-17.1608084788783
"584","DNAmadm","cg06133392",3.80702337911336
"585","DNAmadm","cg23573129",1.52111306784936
"586","DNAmadm","cg20585830",-13.0501897920495
"587","DNAmadm","cg19253577",11.7539795508421
"588","DNAmadm","cg09219182",2.93172704845494
"589","DNAmadm","cg01708387",0.525023423402028
"590","DNAmadm","cg18476633",4.01521120982341
"591","DNAmadm","cg26341773",4.18417362384425
"592","DNAmadm","cg25034591",11.4634789317647
"593","DNAmadm","cg03102848",66.0931094527112
"594","DNAmadm","cg18154457",-14.6873215297274
"595","DNAmadm","cg11924796",-7.29979654388793
"596","DNAmadm","cg08871010",-18.9086766492718
"597","DNAmadm","cg06780601",-13.2113598006506
"598","DNAmadm","cg27395754",-33.6093118906254
"599","DNAmadm","cg02587153",3.08408509237868
"600","DNAmadm","cg15192905",7.93096489472587
"601","DNAmadm","cg08352336",0.252529729048122
"602","DNAmadm","cg01997410",0.174798146420266
"603","DNAmadm","cg16730484",-15.2969913603616
"604","DNAmadm","cg22686892",2.48545503068772
"605","DNAmadm","cg14073590",6.40217827792188
"606","DNAmadm","cg07989867",8.17239206418405
"607","DNAmadm","cg21080294",0.0863183766133954
"608","DNAmadm","cg14680768",0.860729960388279
"609","DNAmadm","cg10142252",12.5346360071011
"610","DNAmadm","cg18717447",11.4815215434664
"611","DNAmadm","cg03960747",-6.02882409130002
"612","DNAmadm","cg16832801",-9.24457148314716
"1222","DNAmpai_1","Intercept",-1129.60174404828
"1223","DNAmpai_1","cg10143960",62.5784049524286
"1224","DNAmpai_1","cg07284273",321.195548093084
"1225","DNAmpai_1","cg17747265",-476.725772207176
"1226","DNAmpai_1","cg09971184",6221.58538677719
"1227","DNAmpai_1","cg00935435",7843.17989918588
"1228","DNAmpai_1","cg15651727",-313.140779458131
"1229","DNAmpai_1","cg13990487",-3855.91641161794
"1230","DNAmpai_1","cg00456299",3294.65246133169
"1231","DNAmpai_1","cg04974804",752.231537923903
"1232","DNAmpai_1","cg13574848",-47.9312344878727
"1233","DNAmpai_1","cg25616777",301.096772875814
"1234","DNAmpai_1","cg12386614",-321.520352385496
"1235","DNAmpai_1","cg15355146",24.4020012266512
"1236","DNAmpai_1","cg19471466",-568.066592646645
"1237","DNAmpai_1","cg14709691",-3272.8876568558
"1238","DNAmpai_1","cg21280384",1760.79304009563
"1239","DNAmpai_1","cg14476101",-6259.56122146396
"1240","DNAmpai_1","cg19693031",-10119.8153489857
"1241","DNAmpai_1","cg16700924",2037.01918423207
"1242","DNAmpai_1","cg20246707",2472.40355189665
"1243","DNAmpai_1","cg01365152",-3049.89784872191
"1244","DNAmpai_1","cg20327105",4225.28258552688
"1245","DNAmpai_1","cg25741192",982.728795854807
"1246","DNAmpai_1","cg13678787",-152.876600130829
"1247","DNAmpai_1","cg02591356",-356.97500660105
"1248","DNAmpai_1","cg26471058",-4542.03006736831
"1249","DNAmpai_1","cg25939861",433.330810077809
"1250","DNAmpai_1","cg03913456",-169.242463668806
"1251","DNAmpai_1","cg24506130",-2095.55052056017
"1252","DNAmpai_1","cg26009035",311.520496094602
"1253","DNAmpai_1","cg05308744",-17.0053235216698
"1254","DNAmpai_1","cg22663545",4431.73595657001
"1255","DNAmpai_1","cg02767242",1918.00232492816
"1256","DNAmpai_1","cg13603203",2327.35823769894
"1257","DNAmpai_1","cg20951650",4428.04258815339
"1258","DNAmpai_1","cg18405719",-764.82589537862
"1259","DNAmpai_1","cg21614211",2152.27055398216
"1260","DNAmpai_1","cg06813250",390.863360138566
"1261","DNAmpai_1","cg15705999",895.783094347649
"1262","DNAmpai_1","cg09000779",1794.70656686548
"1263","DNAmpai_1","cg12473849",-406.838774246936
"1264","DNAmpai_1","cg27336439",-1818.64073444542
"1265","DNAmpai_1","cg00480331",810.036996822782
"1266","DNAmpai_1","cg13724379",2360.00658353292
"1267","DNAmpai_1","cg15012625",-1971.54146613124
"1268","DNAmpai_1","cg01658265",-2011.4864768669
"1269","DNAmpai_1","cg00252095",-2538.08505562673
"1270","DNAmpai_1","cg26805150",-427.282963472064
"1271","DNAmpai_1","cg02373784",4591.7244580666
"1272","DNAmpai_1","cg07951602",286.762956266362
"1273","DNAmpai_1","cg19719391",2803.88935517401
"1274","DNAmpai_1","cg08284371",3668.76930797498
"1275","DNAmpai_1","cg26816491",819.75699601319
"1276","DNAmpai_1","cg06690548",-4122.69321885428
"1277","DNAmpai_1","cg18376497",-314.354447788838
"1278","DNAmpai_1","cg06176987",1383.0912312867
"1279","DNAmpai_1","cg22744079",-642.074330928453
"1280","DNAmpai_1","cg16400903",60578.6404360756
"1281","DNAmpai_1","cg09884076",2251.88730947462
"1282","DNAmpai_1","cg12599971",423.237025898395
"1283","DNAmpai_1","cg26403843",1921.42862897199
"1284","DNAmpai_1","cg07017437",-833.537270654571
"1285","DNAmpai_1","cg21036336",1048.38377658907
"1286","DNAmpai_1","cg03714531",26482.8990551745
"1287","DNAmpai_1","cg23036136",-752.416835652032
"1288","DNAmpai_1","cg10189661",758.934653901358
"1289","DNAmpai_1","cg05218245",11272.9654881753
"1290","DNAmpai_1","cg04018738",4711.76495038461
"1291","DNAmpai_1","cg02115397",1757.93742083883
"1292","DNAmpai_1","cg12927358",9715.71108074923
"1293","DNAmpai_1","cg05466385",-348.541678282973
"1294","DNAmpai_1","cg01702009",1763.91920629277
"1295","DNAmpai_1","cg06560379",-23106.4173733175
"1296","DNAmpai_1","cg21710255",-216.905829016918
"1297","DNAmpai_1","cg20459712",1535.20465459505
"1298","DNAmpai_1","cg18718984",922.054369224994
"1299","DNAmpai_1","cg03707967",-41.2290310684461
"1300","DNAmpai_1","cg02027561",-2438.11658298538
"1301","DNAmpai_1","cg00695799",-1048.59181629299
"1302","DNAmpai_1","cg18116267",-5706.48351228803
"1303","DNAmpai_1","cg17501210",-4317.18838588912
"1304","DNAmpai_1","cg26905845",-1895.45033250821
"1305","DNAmpai_1","cg03730314",187.184639055727
"1306","DNAmpai_1","cg03394401",-944.214587285455
"1307","DNAmpai_1","cg19196326",195.204242908994
"1308","DNAmpai_1","cg13550401",4758.16646580675
"1309","DNAmpai_1","cg08549335",-321.236294533304
"1310","DNAmpai_1","cg17220237",194.000618340837
"1311","DNAmpai_1","cg22322818",-6245.03651475134
"1312","DNAmpai_1","cg08695830",-2189.09813663465
"1313","DNAmpai_1","cg17981101",-1514.63789773027
"1314","DNAmpai_1","cg01337813",2628.36480536326
"1315","DNAmpai_1","cg25977769",85.9903619096373
"1316","DNAmpai_1","cg07592681",-3266.77536007406
"1317","DNAmpai_1","cg09584650",-958.157667168643
"1318","DNAmpai_1","cg01070197",-20393.5517969426
"1319","DNAmpai_1","cg17744279",-661.045187531749
"1320","DNAmpai_1","cg13518625",-1163.40939437005
"1321","DNAmpai_1","cg03393241",-291.61359342961
"1322","DNAmpai_1","cg22660904",1387.80475709487
"1323","DNAmpai_1","cg26074100",-238.287555907646
"1324","DNAmpai_1","cg01029867",-42460.6632003685
"1325","DNAmpai_1","cg14268714",2283.34502093503
"1326","DNAmpai_1","cg13673536",3638.56333024631
"1327","DNAmpai_1","cg14457452",-297.088826577206
"1328","DNAmpai_1","cg21208062",-3.71568472308202
"1329","DNAmpai_1","cg12020464",146.909740599135
"1330","DNAmpai_1","cg13873209",-1613.12612574775
"1331","DNAmpai_1","cg13499318",-488.440909462557
"1332","DNAmpai_1","cg13915886",-208.485389915419
"1333","DNAmpai_1","cg08614871",-1942.93585925898
"1334","DNAmpai_1","cg22660341",-73.732802036734
"1335","DNAmpai_1","cg19647685",1921.80428608733
"1336","DNAmpai_1","cg03153178",1362.7459899851
"1337","DNAmpai_1","cg10531748",609.443408023608
"1338","DNAmpai_1","cg01508796",2208.75469556226
"1339","DNAmpai_1","cg06439736",-3785.22750219314
"1340","DNAmpai_1","cg18853287",-2207.61625490832
"1341","DNAmpai_1","cg13446658",3090.43599824151
"1342","DNAmpai_1","cg03322338",-325.549108554453
"1343","DNAmpai_1","cg09566331",304.097592397196
"1344","DNAmpai_1","cg21992507",1822.75173102277
"1345","DNAmpai_1","cg01438090",-984.627060938925
"1346","DNAmpai_1","cg01562537",1498.63311738538
"1347","DNAmpai_1","cg17044529",25.571662541445
"1348","DNAmpai_1","cg00574958",-50898.295418854
"1349","DNAmpai_1","cg17058475",-3697.61438960659
"1350","DNAmpai_1","cg21960184",17725.6226800034
"1351","DNAmpai_1","cg02395454",-209.902260968191
"1352","DNAmpai_1","cg24675983",187.825985073899
"1353","DNAmpai_1","cg21574681",902.487694645701
"1354","DNAmpai_1","cg17850642",2078.15974551696
"1355","DNAmpai_1","cg01031441",-492.847166676544
"1356","DNAmpai_1","cg01638369",1236.6718734728
"1357","DNAmpai_1","cg07539443",4190.0206478474
"1358","DNAmpai_1","cg15997315",1832.4089265199
"1359","DNAmpai_1","cg13842421",-520.012939870547
"1360","DNAmpai_1","cg02925268",9389.49146840597
"1361","DNAmpai_1","cg26975476",-265.291074871729
"1362","DNAmpai_1","cg13589330",5258.29798295657
"1363","DNAmpai_1","cg02853801",-193.110271115522
"1364","DNAmpai_1","cg06147196",70.0677573883165
"1365","DNAmpai_1","cg24126612",435.208332126107
"1366","DNAmpai_1","cg26407029",3935.61490667992
"1367","DNAmpai_1","cg01802397",10016.6239900023
"1368","DNAmpai_1","cg01885071",2460.86911331993
"1369","DNAmpai_1","cg01308343",-704.475333005872
"1370","DNAmpai_1","cg15471661",386.650812245864
"1371","DNAmpai_1","cg16558846",-2618.40749610121
"1372","DNAmpai_1","cg17382302",218.264993946154
"1373","DNAmpai_1","cg25291250",-2897.60706690014
"1374","DNAmpai_1","cg01021485",28206.7526125732
"1375","DNAmpai_1","cg27505538",14708.707157001
"1376","DNAmpai_1","cg24924577",550.879954351342
"1377","DNAmpai_1","cg00564555",925.206555947284
"1378","DNAmpai_1","cg02193806",542.705356355689
"1379","DNAmpai_1","cg05732130",18047.7778511224
"1380","DNAmpai_1","cg02189786",10463.0012823794
"1381","DNAmpai_1","cg00534468",2562.68890026075
"1382","DNAmpai_1","cg03699074",-1748.01620360655
"1383","DNAmpai_1","cg01829657",-5535.43909872638
"1384","DNAmpai_1","cg00892703",-741.675333709774
"1385","DNAmpai_1","cg27113347",5242.91481444033
"1386","DNAmpai_1","cg09826306",141.858759835611
"1387","DNAmpai_1","cg25567048",22.7378397795843
"1388","DNAmpai_1","cg06513864",17976.2836849591
"1389","DNAmpai_1","cg11020638",1446.78248015409
"1390","DNAmpai_1","cg05815247",-769.377605619288
"1391","DNAmpai_1","cg21348173",3105.93835929964
"1392","DNAmpai_1","cg22850234",1893.38504556362
"1393","DNAmpai_1","cg10508317",-6677.51220419902
"1394","DNAmpai_1","cg27637521",-2659.61609619758
"1395","DNAmpai_1","cg16252995",-3970.06779688097
"1396","DNAmpai_1","cg03524223",23669.0860505641
"1397","DNAmpai_1","cg05495454",-5867.99409907708
"1398","DNAmpai_1","cg07573872",-1757.16902077517
"1399","DNAmpai_1","cg22519313",-215.164806081691
"1400","DNAmpai_1","cg05313771",1211.99661214192
"1401","DNAmpai_1","cg09522532",2799.02063164781
"1402","DNAmpai_1","cg15783941",1304.64879184204
"1403","DNAmpai_1","cg24115922",1766.6885448941
"1404","DNAmpai_1","cg18593194",964.542979747514
"1405","DNAmpai_1","cg25654926",543.969683214571
"1406","DNAmpai_1","cg10853231",900.76801154013
"1407","DNAmpai_1","cg19717326",-1731.68227922919
"1408","DNAmpai_1","cg13650654",1499.54126603437
"1409","DNAmpai_1","cg02875404",725.321533310198
"1410","DNAmpai_1","cg14889658",806.923362267666
"1411","DNAmpai_1","cg12683410",-1043.50335512583
"1412","DNAmpai_1","cg16887334",-789.851870342885
"1413","DNAmpai_1","cg26126740",3438.36804375739
"1414","DNAmpai_1","cg10120040",1011.20911859824
"1415","DNAmpai_1","cg25761955",2273.98907503629
"1416","DNAmpai_1","cg22871721",-210.791144471253
"1417","DNAmpai_1","cg22778797",4597.11111500605
"1418","DNAmpai_1","cg27243685",855.18508041141
"1419","DNAmpai_1","cg06500161",14363.7857751746
"1420","DNAmpai_1","cg17215151",-306.459542698051
"1421","DNAmpai_1","cg01127300",-3615.65042460088
"1422","DNAmpai_1","cg12511214",2543.10425443081
"1423","DNAmpai_1","cg07031797",5733.93026234014
"1424","DNAmpai_1","cg22249566",-381.850307782623
"1425","DNAmpai_1","cg17511128",-1849.77929138876
"1426","DNAmpai_1","cg02495445",1778.8593905711
"1427","DNAmpai_1","cg16088894",113.329710077565
"1428","DNAmpai_1","cg13573587",1527.24614069672
"1429","DNAmpai_1","cg03788610",745.346368556762
"1430","DNAmpai_1","cg03990195",20.5453465166048
"1431","DNAmpai_1","cg08147391",-3123.40375824595
"1432","DNAmpai_1","cg05548952",200.272324983202
"1433","DNAmpai_1","cg07929447",2689.94869191105
"1434","DNAmleptin","Intercept",7210.06255474872
"1435","DNAmleptin","cg11781622",399.815717486023
"1436","DNAmleptin","cg13947317",3861.58069502419
"1437","DNAmleptin","cg24145109",4281.87354645081
"1438","DNAmleptin","cg19694465",1714.11198127065
"1439","DNAmleptin","cg15211499",-25588.5388900699
"1440","DNAmleptin","cg10511249",25643.7717368371
"1441","DNAmleptin","cg16383389",-3710.89693322139
"1442","DNAmleptin","cg04607246",1028.21489404199
"1443","DNAmleptin","cg08926056",4559.81580047821
"1444","DNAmleptin","cg14652203",-9729.96110664812
"1445","DNAmleptin","cg20248954",28351.3863326624
"1446","DNAmleptin","cg23814988",60980.6070003579
"1447","DNAmleptin","cg05971102",894.328915344597
"1448","DNAmleptin","cg07520608",2256.30052746661
"1449","DNAmleptin","cg01412762",-997.834493444469
"1450","DNAmleptin","cg09920725",16759.6449771248
"1451","DNAmleptin","cg12977946",637.72930935299
"1452","DNAmleptin","cg20150163",-14579.9123462603
"1453","DNAmleptin","cg04946715",-7351.82819623504
"1454","DNAmleptin","cg08645207",37.7468059329501
"1455","DNAmleptin","cg14716323",5151.52559302252
"1456","DNAmleptin","cg01956624",-38035.1298744214
"1457","DNAmleptin","cg00497251",-3955.9899499581
"1458","DNAmleptin","cg27114661",-2736.42854693821
"1459","DNAmleptin","cg17025841",154.316833464038
"1460","DNAmleptin","cg06841024",-5049.84073528815
"1461","DNAmleptin","cg27326062",4.86061302019751
"1462","DNAmleptin","cg10747042",-59299.3918173087
"1463","DNAmleptin","cg18098839",-594.48426575216
"1464","DNAmleptin","cg13457961",3549.59651166041
"1465","DNAmleptin","cg10407935",-4825.47767736829
"1466","DNAmleptin","cg01096266",335.486014450401
"1467","DNAmleptin","cg05613002",6936.5083919473
"1468","DNAmleptin","cg05890887",15074.0963173305
"1469","DNAmleptin","cg06440348",781.017557354513
"1470","DNAmleptin","cg21833476",-6655.53597340264
"1471","DNAmleptin","cg26036479",-550.465168768884
"1472","DNAmleptin","cg25629712",-389.063691851506
"1473","DNAmleptin","cg12716346",-1213.03592848872
"1474","DNAmleptin","cg02514143",24.9730273478905
"1475","DNAmleptin","cg15016740",65.7737994358157
"1476","DNAmleptin","cg01256539",-1934.20321126213
"1477","DNAmleptin","cg08260658",-697.168209792109
"1478","DNAmleptin","cg25024993",1391.06852703048
"1479","DNAmleptin","cg22157525",-24617.3856285434
"1480","DNAmleptin","cg21227060",-1330.31822562618
"1481","DNAmleptin","cg17255947",-501.769534025695
"1482","DNAmleptin","cg26372792",58135.5413486833
"1483","DNAmleptin","cg26867866",-15740.0637765702
"1484","DNAmleptin","cg09144073",-14404.2444192293
"1485","DNAmleptin","cg11074353",583.648412586515
"1486","DNAmleptin","cg10000096",-3205.99819767079
"1487","DNAmleptin","cg17501210",-5372.87173909775
"1488","DNAmleptin","cg26960221",2016.40180379086
"1489","DNAmleptin","cg24172278",-12108.5120713333
"1490","DNAmleptin","cg01753176",652.703723697393
"1491","DNAmleptin","cg21843627",186.695347333962
"1492","DNAmleptin","cg19080320",12399.5689132666
"1493","DNAmleptin","cg20915897",1966.54694270904
"1494","DNAmleptin","cg26116499",1392.50391532457
"1495","DNAmleptin","cg07665217",-513.373038655971
"1496","DNAmleptin","cg02505126",2504.70365276219
"1497","DNAmleptin","cg13565994",4129.14410522503
"1498","DNAmleptin","cg17561365",-1024.29199766511
"1499","DNAmleptin","cg09194449",706.44628860712
"1500","DNAmleptin","cg26206456",645.883069051666
"1501","DNAmleptin","cg21462914",-1802.01053912508
"1502","DNAmleptin","cg17560136",1397.71391341401
"1503","DNAmleptin","cg19033875",-6400.63252572573
"1504","DNAmleptin","cg18995788",-2777.12784853676
"1505","DNAmleptin","cg14387545",-42945.5273230651
"1506","DNAmleptin","cg14626196",-2634.81357369325
"1507","DNAmleptin","cg16704703",-969.675562080485
"1508","DNAmleptin","cg19328485",863.037026208328
"1509","DNAmleptin","cg04254609",-651.458328233716
"1510","DNAmleptin","cg02974659",620.463798075253
"1511","DNAmleptin","cg19795482",-1709.16874559703
"1512","DNAmleptin","cg17133967",-13133.8491309736
"1513","DNAmleptin","cg17639894",-31632.2071322588
"1514","DNAmleptin","cg13657511",922.373335594295
"1515","DNAmleptin","cg26411299",1171.15543201765
"1516","DNAmleptin","cg05425050",20186.8943998661
"1517","DNAmleptin","cg11058730",-12052.8434525874
"1518","DNAmleptin","cg05590616",2424.66542631047
"1519","DNAmleptin","cg07268726",1831.98671879057
"1520","DNAmleptin","cg02780017",96.1590590434567
"1521","DNAmleptin","cg05710301",4653.13655315571
"1522","DNAmleptin","cg00574958",-23541.5987895019
"1523","DNAmleptin","cg02580722",8795.942607765
"1524","DNAmleptin","cg11507178",-1818.35035794347
"1525","DNAmleptin","cg08832227",82.6929648863957
"1526","DNAmleptin","cg22047262",2295.24315634072
"1527","DNAmleptin","cg11043909",3732.59911657676
"1528","DNAmleptin","cg06705834",-3207.65970872348
"1529","DNAmleptin","cg17177219",329.29584253114
"1530","DNAmleptin","cg24805559",766.139983062868
"1531","DNAmleptin","cg10323552",-891.501698509154
"1532","DNAmleptin","cg13649020",-3158.70656359694
"1533","DNAmleptin","cg01936220",-411.307955710268
"1534","DNAmleptin","cg09225388",1731.88341842356
"1535","DNAmleptin","cg05241355",983.47309750624
"1536","DNAmleptin","cg21112391",230.005207516121
"1537","DNAmleptin","cg12155356",-3108.40161501956
"1538","DNAmleptin","cg08140104",1348.39890035661
"1539","DNAmleptin","cg01823956",-6972.36939416829
"1540","DNAmleptin","cg10439456",571.923255611088
"1541","DNAmleptin","cg21791657",-2935.4754565712
"1542","DNAmleptin","cg19510604",-5604.5693616451
"1543","DNAmleptin","cg07120314",177527.173478332
"1544","DNAmleptin","cg10530344",-466.533547805523
"1545","DNAmleptin","cg21658515",-8259.56287915251
"1546","DNAmleptin","cg16708495",1614.26313349928
"1547","DNAmleptin","cg03997502",97.839187820158
"1548","DNAmleptin","cg08405844",-17.222687327297
"1549","DNAmleptin","cg05144928",-111.865465739984
"1550","DNAmleptin","cg09351263",-91.0817334689737
"1551","DNAmleptin","cg22510362",703.784611834441
"1552","DNAmleptin","cg03072681",-77.7011840130423
"1553","DNAmleptin","cg06959205",-507.331461188373
"1554","DNAmleptin","cg00892703",-1314.12911500189
"1555","DNAmleptin","cg06912355",306.051005243716
"1556","DNAmleptin","cg13606988",4565.82477169077
"1557","DNAmleptin","cg16569347",4105.73841898989
"1558","DNAmleptin","cg12165215",855.971464298738
"1559","DNAmleptin","cg08667899",16368.7260969787
"1560","DNAmleptin","cg01130991",3463.55980150901
"1561","DNAmleptin","cg12054453",-375.346416088683
"1562","DNAmleptin","cg18181703",-560.615052191057
"1563","DNAmleptin","cg10508317",-6991.58699642001
"1564","DNAmleptin","cg27637521",-1478.89972522674
"1565","DNAmleptin","cg04243822",11248.3781954802
"1566","DNAmleptin","cg12486944",-570.23629098447
"1567","DNAmleptin","cg24391240",-6867.31161606347
"1568","DNAmleptin","cg19617213",23322.3935601737
"1569","DNAmleptin","cg12846567",9420.53087311173
"1570","DNAmleptin","cg03358468",10295.2612898471
"1571","DNAmleptin","cg18569704",1059.40400367292
"1572","DNAmleptin","cg15001547",140.609673857804
"1573","DNAmleptin","cg02991799",-26774.4128172257
"1574","DNAmleptin","cg25450266",-1921.30082035149
"1575","DNAmleptin","cg22030032",-5552.25502581919
"1576","DNAmleptin","cg09915601",1767.01128846501
"1577","DNAmleptin","cg03443360",3006.45438262568
"1578","DNAmleptin","cg17758363",531.042312484823
"1579","DNAmleptin","cg14928764",2315.70996510231
"1580","DNAmleptin","cg11850311",24469.4081405897
"1581","DNAmleptin","cg14234805",-2124.11079872216
"1582","DNAmleptin","cg20747455",411.587592914919
"1583","DNAmleptin","cg12112556",-2511.50775502831
"1584","DNAmleptin","cg17262492",7076.65922177135
"1585","DNAmleptin","cg07871532",232.086039565899
"1586","DNAmleptin","cg08548559",-179.048584375293
"1587","DNAmleptin","cg27115863",-2274.22974125818
"1588","DNAmleptin","cg22650271",7641.21896133737
"1589","DNAmleptin","cg19778944",-29876.2929659957
"1590","DNAmleptin","cg23083672",2041.96077709998
"1591","DNAmleptin","cg02758183",-4899.27423294723
"1592","DNAmleptin","cg20308511",81.1718921967591
"1593","DNAmleptin","cg21412053",-1385.11265623846
"1594","DNAmleptin","cg26071410",875.035419709493
"1595","DNAmleptin","cg09625066",-4639.95040196406
"1596","DNAmleptin","cg11235848",2973.03123913895
"1597","DNAmleptin","cg02311013",-2170.98805297106
"1598","DNAmleptin","cg21664443",-3061.6496321072
"1599","DNAmleptin","cg05127178",385.377341658311
"1600","DNAmleptin","cg19110434",-127.520036998785
"1601","DNAmleptin","cg25697726",2148.52055740416
"1602","DNAmleptin","cg03204600",3238.20618160118
"1603","DNAmleptin","cg11049305",107.11500819539
"1604","DNAmleptin","cg13501581",-4270.71510684736
"1605","DNAmleptin","cg01564693",-4136.36101721032
"1606","DNAmleptin","cg10509982",-482.736702070214
"1607","DNAmleptin","cg20557017",1316.6882320004
"1608","DNAmleptin","cg05373692",377.143953441937
"1609","DNAmleptin","cg05470074",466.559190883624
"1610","DNAmleptin","cg08262933",1120.54900952881
"1611","DNAmleptin","cg15062055",477.519190887478
"1612","DNAmleptin","cg12889449",1366.46230107142
"1613","DNAmleptin","cg23955970",-212.868977416835
"1614","DNAmleptin","cg05530348",-1102.28819649603
"1615","DNAmleptin","cg11595135",3745.52052387885
"1616","DNAmleptin","cg06298190",251.090592792346
"1617","DNAmleptin","cg20686207",381.682562627476
"1618","DNAmleptin","cg14686949",-795.856758321718
"1619","DNAmleptin","cg18003791",2671.47572580797
"1620","DNAmleptin","cg05295197",-1501.56299072201
"1621","DNAmleptin","cg23106779",2762.07945837656
"1622","DNAmPACKYRS","Intercept",-31.9970222651254
"1623","DNAmPACKYRS","Age",0.142143891131947
"1624","DNAmPACKYRS","cg20462449",14.6979494720327
"1625","DNAmPACKYRS","cg19802390",0.459989488978114
"1626","DNAmPACKYRS","cg14084907",0.382295597836024
"1627","DNAmPACKYRS","cg23251761",7.98643688238836
"1628","DNAmPACKYRS","cg14825555",1.68030998029276
"1629","DNAmPACKYRS","cg04967775",1.09674978292199
"1630","DNAmPACKYRS","cg05817517",16.3038239229503
"1631","DNAmPACKYRS","cg00500789",2.40145795984099
"1632","DNAmPACKYRS","cg23800435",0.685907032430619
"1633","DNAmPACKYRS","cg08871545",1.67731896316464
"1634","DNAmPACKYRS","cg04135242",21.5015646679567
"1635","DNAmPACKYRS","cg25189904",-2.09610029516411
"1636","DNAmPACKYRS","cg16511983",2.29273054082724
"1637","DNAmPACKYRS","cg12067764",0.12879625572885
"1638","DNAmPACKYRS","cg09396704",0.518900280144804
"1639","DNAmPACKYRS","cg17440248",9.51724485508574
"1640","DNAmPACKYRS","cg01491219",1.3636955626447
"1641","DNAmPACKYRS","cg02356786",1.77540206096062
"1642","DNAmPACKYRS","cg08980304",2.12449206480519
"1643","DNAmPACKYRS","cg26881591",3.70830918311292
"1644","DNAmPACKYRS","cg14528537",3.04607536798737
"1645","DNAmPACKYRS","cg04053045",1.32742034196248
"1646","DNAmPACKYRS","cg05515143",-0.606291600307469
"1647","DNAmPACKYRS","cg06625640",-1.11719718981941
"1648","DNAmPACKYRS","cg00102512",-13.9564971948168
"1649","DNAmPACKYRS","cg06372850",0.365790372119923
"1650","DNAmPACKYRS","cg16978914",-0.648516871169551
"1651","DNAmPACKYRS","cg00706683",4.88143220041518
"1652","DNAmPACKYRS","cg06644428",-24.6948637734102
"1653","DNAmPACKYRS","cg21566642",-37.7870012447608
"1654","DNAmPACKYRS","cg21120063",-0.580799608185742
"1655","DNAmPACKYRS","cg00356999",4.31089227275865
"1656","DNAmPACKYRS","cg02931526",-2.0803486910977
"1657","DNAmPACKYRS","cg19393314",7.75710876937491
"1658","DNAmPACKYRS","cg15876825",1.51676237179483
"1659","DNAmPACKYRS","cg21770393",0.0651283623485916
"1660","DNAmPACKYRS","cg01206872",14.4759807353117
"1661","DNAmPACKYRS","cg02019988",0.125763967874735
"1662","DNAmPACKYRS","cg04785972",1.51886429192315
"1663","DNAmPACKYRS","cg19859270",-47.3862647402879
"1664","DNAmPACKYRS","cg16665506",0.319724421158259
"1665","DNAmPACKYRS","cg01328703",13.8539035114604
"1666","DNAmPACKYRS","cg17894318",2.06531411591861
"1667","DNAmPACKYRS","cg17500754",1.70075137220758
"1668","DNAmPACKYRS","cg21924273",67.5052368273694
"1669","DNAmPACKYRS","cg22518157",1.55480259550924
"1670","DNAmPACKYRS","cg22659049",0.0841504622873362
"1671","DNAmPACKYRS","cg25806704",-2.58635668004444
"1672","DNAmPACKYRS","cg07973162",-0.290174324463848
"1673","DNAmPACKYRS","cg10144483",-0.150281185008359
"1674","DNAmPACKYRS","cg11554391",-1.62519690255839
"1675","DNAmPACKYRS","cg05575921",-43.0869321976364
"1676","DNAmPACKYRS","cg03604011",4.06066846834878
"1677","DNAmPACKYRS","cg12035880",0.599925083640825
"1678","DNAmPACKYRS","cg19601991",12.724887094254
"1679","DNAmPACKYRS","cg26921969",6.55546727281349
"1680","DNAmPACKYRS","cg04836987",3.11781651744991
"1681","DNAmPACKYRS","cg15658426",-0.330927598395625
"1682","DNAmPACKYRS","cg21777188",0.0912937751537247
"1683","DNAmPACKYRS","cg05845376",1.14868755542978
"1684","DNAmPACKYRS","cg07039560",0.489136760712316
"1685","DNAmPACKYRS","cg25587069",17.9669470944082
"1686","DNAmPACKYRS","cg13667243",2.38133155647753
"1687","DNAmPACKYRS","cg12363682",0.107930599294924
"1688","DNAmPACKYRS","cg07412232",-2.7710038444838
"1689","DNAmPACKYRS","cg15174951",23.3497707216325
"1690","DNAmPACKYRS","cg18892128",1.86177276472886
"1691","DNAmPACKYRS","cg14924781",5.00374913487411
"1692","DNAmPACKYRS","cg25955180",0.961628706506111
"1693","DNAmPACKYRS","cg27067781",2.99163377705212
"1694","DNAmPACKYRS","cg21091547",-6.68685130442608
"1695","DNAmPACKYRS","cg26470115",3.0633958430139
"1696","DNAmPACKYRS","cg04344923",2.78360408387702
"1697","DNAmPACKYRS","cg06413272",0.147775649414552
"1698","DNAmPACKYRS","cg02817030",5.36551187244254
"1699","DNAmPACKYRS","cg26403206",-5.95183044635111
"1700","DNAmPACKYRS","cg15777014",2.74731728482981
"1701","DNAmPACKYRS","cg01704252",4.82941904453433
"1702","DNAmPACKYRS","cg15600935",21.9966521953428
"1703","DNAmPACKYRS","cg25949550",-17.2476742787436
"1704","DNAmPACKYRS","cg11207515",0.139611859212026
"1705","DNAmPACKYRS","cg09159795",1.82211862256319
"1706","DNAmPACKYRS","cg07338119",-3.47170501963014
"1707","DNAmPACKYRS","cg09608412",11.0856958969405
"1708","DNAmPACKYRS","cg14700531",2.48389493901874
"1709","DNAmPACKYRS","cg03900851",16.0110062264822
"1710","DNAmPACKYRS","cg27272363",0.0843516272265293
"1711","DNAmPACKYRS","cg16821867",-3.8599984736232
"1712","DNAmPACKYRS","cg15410835",-0.828013887763028
"1713","DNAmPACKYRS","cg00844308",-1.48977851323529
"1714","DNAmPACKYRS","cg13728106",-4.18736177716351
"1715","DNAmPACKYRS","cg19012696",-4.0725489876124
"1716","DNAmPACKYRS","cg17886420",0.690595071835599
"1717","DNAmPACKYRS","cg12465010",-0.869500274574476
"1718","DNAmPACKYRS","cg15777335",14.2026687829872
"1719","DNAmPACKYRS","cg03634479",6.55113745520185
"1720","DNAmPACKYRS","cg13458005",0.388134632294998
"1721","DNAmPACKYRS","cg14371731",7.68339443701968
"1722","DNAmPACKYRS","cg23322172",10.8085544035908
"1723","DNAmPACKYRS","cg02089135",6.16044626479739
"1724","DNAmPACKYRS","cg05747812",0.373792871880899
"1725","DNAmPACKYRS","cg11019008",21.3900806198155
"1726","DNAmPACKYRS","cg02580250",-1.38642830628294
"1727","DNAmPACKYRS","cg24869272",0.936046849354524
"1728","DNAmPACKYRS","cg23938637",0.538599491145041
"1729","DNAmPACKYRS","cg09690118",0.16471948604459
"1730","DNAmPACKYRS","cg01518025",2.13094553474441
"1731","DNAmPACKYRS","cg06809342",1.25372973456225
"1732","DNAmPACKYRS","cg00161556",0.00451697396836567
"1733","DNAmPACKYRS","cg06911753",43.56481497449
"1734","DNAmPACKYRS","cg04265051",1.20588902923523
"1735","DNAmPACKYRS","cg16385335",3.59710784906099
"1736","DNAmPACKYRS","cg11660018",-6.72241571820176
"1737","DNAmPACKYRS","cg23771366",-2.42186667650778
"1738","DNAmPACKYRS","cg12051762",2.05175384091957
"1739","DNAmPACKYRS","cg10130564",0.196302622137308
"1740","DNAmPACKYRS","cg19174059",-8.43663535828161
"1741","DNAmPACKYRS","cg04832325",0.51476945180142
"1742","DNAmPACKYRS","cg08161922",1.37628508740916
"1743","DNAmPACKYRS","cg00417288",0.625992975576216
"1744","DNAmPACKYRS","cg21368094",9.70084655087742
"1745","DNAmPACKYRS","cg05661164",1.19049053324334
"1746","DNAmPACKYRS","cg09244872",-6.64778097181336
"1747","DNAmPACKYRS","cg22277972",-15.6688119377046
"1748","DNAmPACKYRS","cg13406893",1.71103988334117
"1749","DNAmPACKYRS","cg12384004",-0.0534154616280657
"1750","DNAmPACKYRS","cg17116694",13.0657691345368
"1751","DNAmPACKYRS","cg25939203",28.143952960809
"1752","DNAmPACKYRS","cg02922734",-18.410519742917
"1753","DNAmPACKYRS","cg01873886",1.14606223668018
"1754","DNAmPACKYRS","cg01637125",1.5763132514228
"1755","DNAmPACKYRS","cg10920224",0.513419727480095
"1756","DNAmPACKYRS","cg18425651",-18.5717886498837
"1757","DNAmPACKYRS","cg13316619",-0.139014388632699
"1758","DNAmPACKYRS","cg23047825",-2.45291708580232
"1759","DNAmPACKYRS","cg08923669",0.00202153785421174
"1760","DNAmPACKYRS","cg06259664",3.22537538153645
"1761","DNAmPACKYRS","cg05090127",3.22513845564554
"1762","DNAmPACKYRS","cg01960979",-1.56476388049498
"1763","DNAmPACKYRS","cg06213463",50.4919820688236
"1764","DNAmPACKYRS","cg01773760",14.6000561512209
"1765","DNAmPACKYRS","cg01130056",-6.10587675120289
"1766","DNAmPACKYRS","cg03974717",11.2447618685314
"1767","DNAmPACKYRS","cg26573797",-47.7965192206552
"1768","DNAmPACKYRS","cg06127256",13.2641232100067
"1769","DNAmPACKYRS","cg03574306",0.14593427615998
"1770","DNAmPACKYRS","cg08439518",0.811635344011555
"1771","DNAmPACKYRS","cg11235787",-4.146216477151
"1772","DNAmPACKYRS","cg20361594",11.3341451220334
"1773","DNAmPACKYRS","cg13029847",6.9099301016146
"1774","DNAmPACKYRS","cg00126959",9.99127558607299
"1775","DNAmPACKYRS","cg24093538",4.43293251120057
"1776","DNAmPACKYRS","cg16067628",2.4390197642919
"1777","DNAmPACKYRS","cg15258649",0.0924702406650952
"1778","DNAmPACKYRS","cg03294557",0.61196655962309
"1779","DNAmPACKYRS","cg23777956",2.81638720154006
"1780","DNAmPACKYRS","cg03636183",-52.8677065603945
"1781","DNAmPACKYRS","cg06418475",-3.95091083190247
"1782","DNAmPACKYRS","cg27152890",2.31735329352677
"1783","DNAmPACKYRS","cg09438320",-3.72868334010565
"1784","DNAmPACKYRS","cg12157673",0.471970569132037
"1785","DNAmPACKYRS","cg22455450",8.49006313443808
"1786","DNAmPACKYRS","cg05303999",-10.049570810773
"1787","DNAmPACKYRS","cg16416603",6.46028730442188
"1788","DNAmPACKYRS","cg05276137",-2.03077579560223
"1789","DNAmPACKYRS","cg16983817",9.32487397482905
"1790","DNAmPACKYRS","cg00744433",0.578512272199634
"1791","DNAmPACKYRS","cg08706141",4.53802292976569
"1792","DNAmPACKYRS","cg03860256",2.32097912743314
"1793","DNAmPACKYRS","cg27087885",3.43767425416898
"1794","DNAmPACKYRS","cg20448001",0.776821609934902
"1795","DNAmPACKYRS","cg15480287",-3.67702191403522
"1796","DNAmlog.CRP","Intercept",-0.231448447404901
"1797","DNAmlog.CRP","cg01391867",-0.238113902794343
"1798","DNAmlog.CRP","cg06298190",0.137911204133245
"1799","DNAmlog.CRP","cg03110633",0.397842819411156
"1800","DNAmlog.CRP","cg05303999",0.445975089812927
"1801","DNAmlog.CRP","cg01130991",0.0650289317618541
"1802","DNAmlog.CRP","cg13316619",-0.110376167407921
"1803","DNAmlog.CRP","cg20747455",0.00262369111060526
"1804","DNAmlog.CRP","cg26471058",0.138110767711696
"1805","DNAmlog.CRP","cg02135821",-1.93918153435153
"1806","DNAmlog.CRP","cg18376497",0.0290833279859296
"1807","DNAmlog.CRP","cg12035880",0.282808740418203
"1808","DNAmlog.CRP","cg02713068",0.967231854131495
"1809","DNAmlog.CRP","cg02495445",-0.0922653844824792
"1810","DNAmlog.CRP","cg03788610",-0.206732526434766
"1811","DNAmlog.CRP","cg08055490",-0.809032736914677
"1812","DNAmlog.CRP","cg06975311",3.30812424566986
"1813","DNAmlog.CRP","cg22163406",0.311550840545598
"1814","DNAmlog.CRP","cg22455450",0.249580431786243
"1815","DNAmlog.CRP","cg03574306",0.00949459167083304
"1816","DNAmlog.CRP","cg13155421",-0.539456203631907
"1817","DNAmlog.CRP","cg22902266",0.852174721397024
"1818","DNAmlog.CRP","cg09566331",0.0307425084892451
"1819","DNAmlog.CRP","cg26403843",0.0284275141780565
"1820","DNAmlog.CRP","cg06560379",-1.27536248802467
"1821","DNAmlog.CRP","cg13565994",2.4634284520327
"1822","DNAmlog.CRP","cg07989867",0.0857185208163574
"1823","DNAmlog.CRP","cg21658515",-0.825680811451338
"1824","DNAmlog.CRP","cg05313771",-1.23740174612848
"1825","DNAmlog.CRP","cg12363682",0.298405138531162
"1826","DNAmlog.CRP","cg19647685",-0.224784854734106
"1827","DNAmlog.CRP","cg13875901",-0.0444336202909413
"1828","DNAmlog.CRP","cg18394552",0.109221770941624
"1829","DNAmlog.CRP","cg00534468",0.377508176989093
"1830","DNAmlog.CRP","cg05144928",-0.0485941716121797
"1831","DNAmlog.CRP","cg27145096",0.145893108291569
"1832","DNAmlog.CRP","cg16511983",0.00322122458477084
"1833","DNAmlog.CRP","cg01328703",0.862068823202826
"1834","DNAmlog.CRP","cg02415341",0.173006782383421
"1835","DNAmlog.CRP","cg17440248",0.144489406246425
"1836","DNAmlog.CRP","cg07573872",-0.288427198090015
"1837","DNAmlog.CRP","cg21789941",0.125965088056451
"1838","DNAmlog.CRP","cg08923669",0.0403899722283293
"1839","DNAmlog.CRP","cg10000096",-0.31753367224886
"1840","DNAmlog.CRP","cg08548559",-0.967510553529195
"1841","DNAmlog.CRP","cg06690548",-0.677203481732768
"1842","DNAmlog.CRP","cg21992507",-0.556082935241636
"1843","DNAmlog.CRP","cg09584650",-0.0437100748662398
"1844","DNAmlog.CRP","cg10636246",-2.97714813687121
"1845","DNAmlog.CRP","cg16983817",0.289651006474366
"1846","DNAmlog.CRP","cg14371731",0.141200635874921
"1847","DNAmlog.CRP","cg10068417",-0.256117790426861
"1848","DNAmlog.CRP","cg13573587",-0.196470585818446
"1849","DNAmlog.CRP","cg20459712",0.442286664654923
"1850","DNAmlog.CRP","cg02991799",-1.98079524765768
"1851","DNAmlog.CRP","cg22620356",0.10217601960006
"1852","DNAmlog.CRP","cg06722193",-0.0793516332613646
"1853","DNAmlog.CRP","cg16558846",-0.187660653137305
"1854","DNAmlog.CRP","cg07039560",-0.0510264185760652
"1855","DNAmlog.CRP","cg17286012",0.232336474887622
"1856","DNAmlog.CRP","cg22518157",0.834496730292298
"1857","DNAmlog.CRP","cg01624571",0.413250364465007
"1858","DNAmlog.CRP","cg26853093",-1.5361303985005
"1859","DNAmlog.CRP","cg17501210",-1.50689974439882
"1860","DNAmlog.CRP","cg04661709",0.0257262907063853
"1861","DNAmlog.CRP","cg21960184",2.0548310979171
"1862","DNAmlog.CRP","cg12396523",-0.226234599558592
"1863","DNAmlog.CRP","cg14955976",-0.31838215762001
"1864","DNAmlog.CRP","cg14825555",0.00647983218838625
"1865","DNAmlog.CRP","cg11020638",1.14956493917483
"1866","DNAmlog.CRP","cg06500161",0.3494536490762
"1867","DNAmlog.CRP","cg07539443",-0.118145673810744
"1868","DNAmlog.CRP","cg05470074",0.20702053893912
"1869","DNAmlog.CRP","cg12458003",0.778143532119347
"1870","DNAmlog.CRP","cg03400403",0.696683396072842
"1871","DNAmlog.CRP","cg20433952",0.0311896360172498
"1872","DNAmlog.CRP","cg01564693",-0.355193575725789
"1873","DNAmlog.CRP","cg03699074",-1.05553988534614
"1874","DNAmlog.CRP","cg03960747",-0.0314957738966389
"1875","DNAmlog.CRP","cg14476101",-0.431248169511185
"1876","DNAmlog.CRP","cg02633924",-0.0888486883341497
"1877","DNAmlog.CRP","cg03634479",0.0333057208647818
"1878","DNAmlog.CRP","cg12486944",-0.813970754332019
"1879","DNAmlog.CRP","cg05295197",-0.232423142663981
"1880","DNAmlog.CRP","cg19717326",0.0988992100915698
"1881","DNAmlog.CRP","cg01687878",0.187874458327637
"1882","DNAmlog.CRP","cg05461666",-0.490733879055531
"1883","DNAmlog.CRP","cg26905845",-0.0319319373411309
"1884","DNAmlog.CRP","cg06418475",-0.0798564734460491
"1885","DNAmlog.CRP","cg03997502",0.206938291255829
"1886","DNAmlog.CRP","cg04196119",-0.0389531388980449
"1887","DNAmlog.CRP","cg14928764",0.345954917720051
"1888","DNAmlog.CRP","cg27087885",-0.0114453183393351
"1889","DNAmlog.CRP","cg09826306",0.309964340633267
"1890","DNAmlog.CRP","cg10508317",-1.06460914090669
"1891","DNAmlog.CRP","cg06806711",1.46840854909821
"1892","DNAmlog.CRP","cg16821867",-0.150094385707385
"1893","DNAmlog.CRP","cg10120040",-0.0717318982333491
"1894","DNAmlog.CRP","cg26950531",-0.681073194166518
"1895","DNAmlog.CRP","cg18995788",-0.658303512630774
"1896","DNAmlog.CRP","cg06813250",0.00144571507410486
"1897","DNAmlog.CRP","cg22714094",0.0446036089514081
"1898","DNAmlog.CRP","cg08667899",-0.0493409125476539
"1899","DNAmlog.CRP","cg15845365",0.0709698391288995
"1900","DNAmlog.CRP","cg27294156",-0.116640788369732
"1901","DNAmlog.CRP","cg18181703",-0.729626658885807
"1902","DNAmlog.CRP","cg07338119",-0.16781748259723
"1903","DNAmlog.CRP","cg00907204",-0.567900003174755
"1904","DNAmlog.CRP","cg05839709",0.375077958740312
"1905","DNAmlog.CRP","cg15709989",0.0225706247793824
"1906","DNAmlog.CRP","cg05420896",-0.271259226279745
"1907","DNAmlog.CRP","cg02483931",1.22846592459067
"1908","DNAmlog.CRP","cg08871010",-0.029504103042428
"1909","DNAmlog.CRP","cg05180206",-0.133862912957793
"1910","DNAmlog.CRP","cg10439456",0.512010836899902
"1911","DNAmlog.CRP","cg01130056",-0.489631097719039
"1912","DNAmlog.CRP","cg02514143",0.170795848887687
"1913","DNAmlog.CRP","cg13772414",2.07487767786033
"1914","DNAmlog.CRP","cg24110177",1.0301181648792
"1915","DNAmlog.CRP","cg11074353",0.0279082707943429
"1916","DNAmlog.CRP","cg24145109",0.838236958804003
"1917","DNAmlog.CRP","cg24580066",-2.32939240152094
"1918","DNAmlog.CRP","cg25572904",-0.113650673115307
"1919","DNAmlog.CRP","cg08926056",0.250667719977661
"1920","DNAmlog.CRP","cg27628536",-0.477461230317563
"1921","DNAmlog.CRP","cg27637521",-2.3725760567815
"1922","DNAmlog.CRP","cg10511249",3.56865792068406
"1923","DNAmlog.CRP","cg23371436",0.178646649172139
"1924","DNAmlog.CRP","cg00126959",0.58114913322656
"1925","DNAmlog.CRP","cg14084907",-0.105950004809455
"1926","DNAmlog.CRP","cg05575921",-0.269805403076527
"1927","DNAmlog.CRP","cg14153919",0.0130443850952269
"1928","DNAmlog.CRP","cg00574958",-2.94956330628661
"1929","DNAmlog.A1C","Intercept",1.61335551486044
"1930","DNAmlog.A1C","Age",4.84077583684811e-05
"1931","DNAmlog.A1C","cg14260002",0.20568360462078
"1932","DNAmlog.A1C","cg07592681",-0.132550510363173
"1933","DNAmlog.A1C","cg06959205",-0.0085262272077208
"1934","DNAmlog.A1C","cg01130991",0.0574682999684601
"1935","DNAmlog.A1C","cg02193806",0.0122439957296537
"1936","DNAmlog.A1C","cg17058475",-0.0951505217859586
"1937","DNAmlog.A1C","cg01517384",-0.00634581956410872
"1938","DNAmlog.A1C","cg11333189",0.0161263155306288
"1939","DNAmlog.A1C","cg24420742",0.0014027198179162
"1940","DNAmlog.A1C","cg19719391",0.112717468966112
"1941","DNAmlog.A1C","cg13620770",-0.00366915720464338
"1942","DNAmlog.A1C","cg23777956",-0.012557896067226
"1943","DNAmlog.A1C","cg22650271",0.0803870368532822
"1944","DNAmlog.A1C","cg08074820",0.0293654914510467
"1945","DNAmlog.A1C","cg03574306",0.00170158209177077
"1946","DNAmlog.A1C","cg20686207",0.00732465971266104
"1947","DNAmlog.A1C","cg07660627",0.0149371526178744
"1948","DNAmlog.A1C","cg22277972",-0.212802020000348
"1949","DNAmlog.A1C","cg17543884",0.0123964763022072
"1950","DNAmlog.A1C","cg03259703",-0.0322695585264386
"1951","DNAmlog.A1C","cg14073590",0.00751012360315677
"1952","DNAmlog.A1C","cg23842572",0.0305253754007881
"1953","DNAmlog.A1C","cg04323814",0.00796499374853761
"1954","DNAmlog.A1C","cg26403843",0.0443943947896339
"1955","DNAmlog.A1C","cg06560379",-0.167807165947253
"1956","DNAmlog.A1C","cg13842421",-0.00614670095628006
"1957","DNAmlog.A1C","cg11444009",0.0492377607710335
"1958","DNAmlog.A1C","cg00684178",-0.0200671887796015
"1959","DNAmlog.A1C","cg26009035",0.0030061219697419
"1960","DNAmlog.A1C","cg00534468",0.00894646983651491
"1961","DNAmlog.A1C","cg09899215",-0.00864418195007927
"1962","DNAmlog.A1C","cg00277397",-0.008617120282279
"1963","DNAmlog.A1C","cg24924577",0.0149706959690673
"1964","DNAmlog.A1C","cg03714531",0.279572085098353
"1965","DNAmlog.A1C","cg10189661",0.00397695172639771
"1966","DNAmlog.A1C","cg24126612",0.00766214236215591
"1967","DNAmlog.A1C","cg06690548",0.0482728458105029
"1968","DNAmlog.A1C","cg19414383",0.00784775509312698
"1969","DNAmlog.A1C","cg10636246",-0.00522941667750698
"1970","DNAmlog.A1C","cg10753966",0.0316537091175881
"1971","DNAmlog.A1C","cg09000779",-0.00223336193230894
"1972","DNAmlog.A1C","cg10578779",0.0287635855833064
"1973","DNAmlog.A1C","cg06946797",-0.0229011453107204
"1974","DNAmlog.A1C","cg08260658",0.0184280512216368
"1975","DNAmlog.A1C","cg25536676",-0.220890010979875
"1976","DNAmlog.A1C","cg19693031",-0.31140376580481
"1977","DNAmlog.A1C","cg15012625",-0.0239895319909059
"1978","DNAmlog.A1C","cg06176987",0.0019443749968886
"1979","DNAmlog.A1C","cg22156456",-0.0602294609709789
"1980","DNAmlog.A1C","cg13915886",-0.0333572654101086
"1981","DNAmlog.A1C","cg01438090",-0.0165709056396152
"1982","DNAmlog.A1C","cg06500161",0.160755975283097
"1983","DNAmlog.A1C","cg00695799",-0.103834927338153
"1984","DNAmlog.A1C","cg01564693",-0.0145651113905633
"1985","DNAmlog.A1C","cg20585830",-0.000474592957384914
"1986","DNAmlog.A1C","cg03699074",-0.0277115110446148
"1987","DNAmlog.A1C","cg13673536",0.0345483320947312
"1988","DNAmlog.A1C","cg02580250",-0.00978670404325979
"1989","DNAmlog.A1C","cg04832325",-0.000249585142599315
"1990","DNAmlog.A1C","cg18593194",0.0175503619843532
"1991","DNAmlog.A1C","cg18405719",-0.020819805635162
"1992","DNAmlog.A1C","cg13499318",-0.00172126379469679
"1993","DNAmlog.A1C","cg03997502",0.0581726484428388
"1994","DNAmlog.A1C","cg12977946",0.0595041182895872
"1995","DNAmlog.A1C","cg10508317",-0.0318320275273294
"1996","DNAmlog.A1C","cg03276920",-0.00405704885168582
"1997","DNAmlog.A1C","cg19859270",-0.0749424068398644
"1998","DNAmlog.A1C","cg25034591",0.0592739922649059
"1999","DNAmlog.A1C","cg27152890",0.0123036970158823
"2000","DNAmlog.A1C","cg22714094",0.0140627508995415
"2001","DNAmlog.A1C","cg12054453",0.00991444389292689
"2002","DNAmlog.A1C","cg01997410",0.0200284700258928
"2003","DNAmlog.A1C","cg26116499",0.0127359900924639
"2004","DNAmlog.A1C","cg04836038",0.0299232363392917
"2005","DNAmlog.A1C","cg00892703",-0.00106343484356843
"2006","DNAmlog.A1C","cg02483931",0.00202971446552965
"2007","DNAmlog.A1C","cg13990487",-0.0321238911432646
"2008","DNAmlog.A1C","cg16246188",0.0227514718213458
"2009","DNAmlog.A1C","cg10439456",0.0682352451231408
"2010","DNAmlog.A1C","cg08549335",-0.0643892243357681
"2011","DNAmlog.A1C","cg24110177",0.00377049863369522
"2012","DNAmlog.A1C","cg01936220",-0.011605555355369
"2013","DNAmlog.A1C","cg15471661",0.0238858303584645
"2014","DNAmlog.A1C","cg22871721",-0.0057746412454193
"2015","DNAmlog.A1C","cg27637521",-0.0927989404678148
"2016","DNAmlog.A1C","cg00574958",-0.15330964183722
