SampleID,grimage2
431-BG00001,65.07963864044999
431-BG00002,63.29221872828653
431-BG00003,66.12691228470572
431-BG00004,71.77973572479789
431-BG00006,67.19409330540417
431-BG00007,74.79090902102814
431-BG00009,62.646413900346495
431-BG00011,63.6612632131271
431-BG00013,65.63181811866734
431-BG00014,64.71472765666
431-BG00015,63.82041514300521
431-BG00016,68.76320784490754
431-BG00017,68.42154159200327
431-BG00018,72.8035242273645
431-BG00021,67.60710144480272
431-BG00022,74.03309065569252
431-BG00024,71.25413327873751
431-BG00025,68.96159816764536
431-BG00026,68.86547564655493
431-BG00027,70.26681966117368
431-BG00029,62.43726278971147
431-BG00030,66.88442578734015
431-BG00031,61.22776873575549
431-BG00032,69.53736745760143
431-BG00036,61.559285066589425
431-BG00040,68.74437969297135
431-BG00041,73.77668487234227
431-BG00042,66.0298499262869
431-BG00044,66.49722798460043
431-BG00046,70.44481529788959
431-BG00047,68.24400157695466
431-BG00048,77.61751463522899
431-BG00049,64.8222642023774
431-BG00054,62.52389525497828
431-BG00055,72.49243950681355
431-BG00056,64.80379450202992
431-BG00057,68.30978857814493
431-BG00058,61.75797767633715
431-BG00062,64.19233611048148
431-BG00070,65.61902734612967
431-BG00075,66.83106810929407
431-BG00079,59.54065317076235
431-BG00082,60.32163267920808
431-BG00060,74.28376783778097
431-BG00061,72.6407079976404
431-BG00089,66.26384931903728
431-BG00035,64.63588511949918
431-BG00092,62.695397282528475
431-BG00080,70.76766600889553
431-BG00069,64.99551392412474
431-BG00071,58.963265274636456
431-BG00020,65.16973237024908
431-BG00090,72.03787341110994
431-BG00096,74.3846827147982
431-BG00095,64.44801268493006
431-BG00097,61.536189374867384
431-BG00067,65.52690589217991
431-BG00023,62.437290124728065
431-BG00094,68.01740043359294
431-BG00093,61.78047382863102
431-BG00102,63.11501192911585
431-BG00066,69.17401023027625
431-BG00038,68.41365406595888
431-BG00100,65.9642304850135
431-BG00043,66.64427728143129
431-BG00108,69.42477502815981
431-BG00101,67.0513324463044
431-BG00113,67.55255415637231
431-BG00034,71.04480195105282
431-BG00209,71.06835753160817
431-BG00195,63.439443386505985
431-BG00217,66.55991633199875
431-BG00210,63.78992980995092
431-BG00216,71.75827943044642
431-BG00084,65.43112728057315
431-BG00074,73.40762847633339
431-BG00019,66.27143643511964
431-BG00086,65.83934616740444
431-BG00087,66.7018743791658
431-BG00059,65.74663852863911
431-BG00076,60.68593981525103
431-BG00077,74.300593998193
431-BG00085,66.91531960254014
431-BG00051,65.97353319536637
431-BG00053,61.77888076877173
431-BG00052,66.00113808964961
431-BG00165,64.38518858853047
431-BG00201,65.94856282592524
431-BG00226,65.5710830652914
431-BG00151,70.01069313480569
431-BG00176,74.36262407230576
431-BG00168,63.10275868052039
431-BG00200,67.29291431073463
431-BG00188,63.823411022985624
431-BG00128,66.8890380732321
431-BG00182,71.69377498651731
431-BG00145,69.53890405630804
431-BG00133,70.8435858684307
431-BG00123,57.605200344964175
431-BG00197,64.32521530941938
431-BG00134,65.37085062359859
431-BG00196,68.16966512317973
431-BG00136,66.07023587546314
431-BG00186,66.33676787336246
431-BG00167,67.57473005809213
431-BG00140,66.31819284139323
431-BG00169,76.02115147671833
431-BG00180,68.10497610421584
431-BG00155,66.69318365830782
431-BG00110,68.87023303839847
431-BG00126,66.22190274615028
431-BG00112,68.46272944725803
431-BG00157,70.69569691182407
431-BG00170,69.23992720030247
431-BG00142,62.37194856458582
431-BG00141,68.40763800751088
431-BG00118,61.45055433656591
431-BG00111,68.81579673499314
431-BG00171,73.36805713314783
431-BG00120,71.95430523399112
431-BG00130,63.94854075002067
431-BG00138,69.80208057268965
431-BG00164,64.05284344000722
431-BG00147,68.26921077751263
431-BG00174,67.17442514162227
431-BG00152,70.71444042417907
431-BG00175,62.72164943091747
431-BG00187,68.21616635631172
431-BG00219,67.55151169712376
431-BG00116,64.26628940055495
431-BG00178,64.66286573129096
431-BG00149,66.44260013695703
431-BG00091,72.8733283030826
431-BG00198,65.38623710404546
431-BG00033,59.9864135264717
431-BG00117,63.980177092887956
431-BG00121,67.29568070262742
431-BG00109,62.758307118560545
431-BG00124,63.75965793494318
431-BG00119,68.84800841113757
431-BG00104,67.24266540179819
431-BG00114,65.99979113535302
431-BG00115,67.80756408334963
431-BG00099,74.3443388925114
431-BG00098,70.81668774179532
431-BG00106,60.61441968714954
431-BG00105,68.3601918192337
431-BG00122,70.75114840337878
431-BG00081,65.96013167474017
431-BG00127,64.10924213594498
431-BG00144,64.0913277134869
431-BG00158,66.17354103268663
431-BG00166,61.80676498756506
431-BG00039,64.02588149919086
431-BG00143,62.300418431308415
431-BG00146,66.24949540872642
431-BG00156,62.67236144717834
431-BG00148,70.08542893418537
431-BG00162,70.4469808646364
431-BG00131,60.96168904901958
431-BG00129,63.62672818970723
431-BG00125,65.14648344659632
431-BG00107,71.21047648906588
431-BG00139,63.78202439142654
431-BG00103,71.35001457662798
431-BG00253,69.15097349620861
431-BG00307,62.772483328051685
431-BG00431,59.51024907940567
431-BG00377,69.90145622922823
431-BG00439,70.5037779216437
431-BG00465,73.06421794973433
431-BG00456,62.60115396801772
431-BG00515,66.04069527934695
431-BG00528,64.22175069184604
431-BG00512,70.56122909597373
431-BG00537,75.41770734770833
431-BG00491,66.73161680465856
431-BG00490,65.79917559500035
431-BG00400,64.60341537285954
431-BG00520,72.0108654077631
431-BG00468,65.9054602801185
431-BG00540,63.4521389196318
431-BG00445,73.832529370076
431-BG00506,61.509534290338465
431-BG00434,59.74185711803787
431-BG00365,64.42277956582217
431-BG00494,65.35930223702803
431-BG00469,69.87503060403633
431-BG00483,71.26215978442792
431-BG00464,72.44426742517092
431-BG00511,63.61730135619662
431-BG00408,64.7810981039832
431-BG00225,65.95094395297245
431-BG00502,67.22536081260789
431-BG00477,65.72097035601169
431-BG00453,73.11620591312501
431-BG00329,64.1448770790404
431-BG00532,68.44956698814912
431-BG00504,63.76248399664295
431-BG00467,69.40489754018739
431-BG00028,70.21217057368905
431-BG00510,57.515076987362235
431-BG00560,68.60918013675918
431-BG00527,70.00518170406947
431-BG00440,69.82867805651068
431-BG00290,64.06337564012985
431-BG00516,64.40344072165432
431-BG00415,65.67921206927096
431-BG00312,63.00468554410319
431-BG00524,58.058003345341085
431-BG00447,71.46748653424815
431-BG00476,70.73949000388015
431-BG00517,59.62246926123967
431-BG00489,65.92948361368943
431-BG00410,65.72792812826854
431-BG00396,67.2879365242467
431-BG00412,64.11017562657167
431-BG00487,63.997237115922815
431-BG00328,63.78727950451617
431-BG00559,62.51618419964735
431-BG00518,74.00948215540063
431-BG00433,64.72297697156273
431-BG00538,64.36863744635679
431-BG00541,70.59654946258237
431-BG00332,66.12398491758039
431-BG00470,65.99057864573417
431-BG00493,69.90012689279703
431-BG00463,70.70790738397437
431-BG00492,65.31365893117427
431-BG00461,63.31975345308273
431-BG00459,61.89732435890545
431-BG00474,70.66469333036258
431-BG00406,74.05545646485972
431-BG00394,67.86688977283423
431-BG00349,68.26477425177906
431-BG00402,63.007324698493065
431-BG00460,64.32231884158514
431-BG00529,62.27924908950733
431-BG00413,63.203545949789586
431-BG00498,70.34549202761991
431-BG00375,66.71034528878317
431-BG00418,67.25709697759292
431-BG00390,62.51480343379116
431-BG00442,73.1619233769712
431-BG00525,59.89645173902328
431-BG00444,60.32909800486002
431-BG00505,72.00982224949043
431-BG00404,64.76563511463554
431-BG00452,61.768700714661605
431-BG00526,62.964541901638924
431-BG00292,66.09735639906377
431-BG00458,63.15481709021475
431-BG00388,63.83365835220064
431-BG00484,68.2155425224898
431-BG00389,76.90545395798709
431-BG00417,71.50519475562159
431-BG00475,77.2708583431999
431-BG00432,75.64886750919446
431-BG00425,77.6228383916671
431-BG00441,62.819415479957755
431-BG00414,74.78014210742057
431-BG00451,66.27441958352104
431-BG00420,73.52793295036368
431-BG00407,76.98337300281099
431-BG00347,68.91813582500251
431-BG00373,64.3524800008098
431-BG00161,67.37823881275072
431-BG00405,64.93842222030524
431-BG00333,73.53060636892717
431-BG00421,66.22875442946157
431-BG00462,61.68423936003019
431-BG00411,63.87316752628227
431-BG00449,62.98388183813821
431-BG00382,68.68709079124262
431-BG00436,69.37736772906193
431-BG00438,66.68552492173873
431-BG00428,68.4659049897107
431-BG00419,65.75125017689238
431-BG00356,61.53616164912596
431-BG00368,69.9121819599995
431-BG00500,68.05083585316818
431-BG00499,59.65661830617297
431-BG00479,63.14583610986529
431-BG00576,72.8923335360281
431-BG00577,65.01400338872111
431-BG00486,68.03242304506315
431-BG00552,63.90397184545737
431-BG00558,67.66068405879612
431-BG00570,67.56376622152412
431-BG00514,72.4513952331032
431-BG00557,70.50986303043032
431-BG00583,65.0086901794908
431-BG00481,60.85786877271973
431-BG00545,66.53885457837325
431-BG00553,71.7418879777068
431-BG00429,64.7970870883326
431-BG00422,70.36596926937686
431-BG00343,71.6658248671706
431-BG00546,68.89545946279782
431-BG00354,72.40365963210965
431-BG00480,66.40220444004505
431-BG00556,60.16465231946275
431-BG00554,63.792545394292134
431-BG00523,67.20007681249893
431-BG00519,66.56976008694144
431-BG00568,63.876044171876785
431-BG00319,65.69661293191965
431-BG00563,58.03029171439178
431-BG00580,63.743016984419775
431-BG00482,58.18918056978132
431-BG00544,60.215003218677374
431-BG00501,61.24648760305979
431-BG00522,68.16901162276311
431-BG00561,70.65149446940931
431-BG00542,63.099571019838535
431-BG00543,69.58361214991555
431-BG00574,63.37120300872631
431-BG00569,73.48135753559325
431-BG00485,68.78740653183213
431-BG00572,70.76698182304312
431-BG00488,65.65972572398117
431-BG00448,66.33968253771478
431-BG00564,59.82330194395503
431-BG00534,78.2019131250886
431-BG00530,68.31729473279391
431-BG00509,69.74015240375024
431-BG00374,69.32071034743744
431-BG00562,67.37292097627491
431-BG00575,68.71164050998165
431-BG00372,75.08647105695694
431-BG00251,63.68334088568192
431-BG00222,64.53756549355529
431-BG00184,67.9452411923985
431-BG00243,70.38294909370134
431-BG00242,64.63907410448017
431-BG00207,72.58287307053156
431-BG00215,62.30365783220019
431-BG00231,68.98437533253681
431-BG00272,70.69041295729676
431-BG00309,64.91605682314139
431-BG00246,71.30901287893037
431-BG00264,72.15763139259587
431-BG00181,71.74200067033577
431-BG00288,70.38907640905364
431-BG00224,60.24894692394664
431-BG00239,72.86148817756144
431-BG00211,68.93329355244319
431-BG00238,61.88202826565354
431-BG00240,66.23632093493387
431-BG00202,73.13079629814015
431-BG00220,65.09862494475328
431-BG00218,67.25028685021383
431-BG00232,62.4375012382527
431-BG00256,61.60436162413358
431-BG00221,62.68094955758211
431-BG00183,66.87838950259437
431-BG00213,66.11088480974557
431-BG00285,65.37022707936306
431-BG00281,63.91908914960976
431-BG00252,63.54015465665645
431-BG00179,65.56507442960688
431-BG00241,66.3429060092401
431-BG00287,62.618862890124056
431-BG00271,67.2763821115482
431-BG00260,68.83121548947109
431-BG00234,75.53502108741051
431-BG00261,68.95205315787152
431-BG00245,61.381966655988634
431-BG00294,70.50944136972252
431-BG00249,70.23558352703962
431-BG00230,63.772964272163094
431-BG00191,65.47648981141063
431-BG00250,74.47913957066524
431-BG00214,64.6160875737093
431-BG00295,69.07357827404758
431-BG00255,65.58258079705654
431-BG00273,68.23442600912536
431-BG00212,71.80009899833415
431-BG00206,63.95037178525437
431-BG00254,64.81741772281005
431-BG00247,64.56143225477571
431-BG00248,69.65203155819215
431-BG00266,68.84787992403524
431-BG00177,65.94220876379637
431-BG01393,68.49177933463498
431-BG01409,62.7967524872018
431-BG01562,72.67210642947911
431-BG01662,71.02738316240533
431-BG01701,65.50326211985195
431-BG01614,63.655944753983
431-BG01678,62.39700090164738
431-BG01634,61.42229403213879
431-BG01692,59.99314689114796
431-BG01641,60.981997841959
431-BG01214,63.72864722887004
431-BG01744,71.46858846100781
431-BG01433,66.68724844906518
431-BG01725,74.18324868036349
431-BG01610,70.98295127943912
431-BG01578,75.90640074461007
431-BG01779,70.43553695363855
431-BG01661,59.81829121153379
431-BG01777,64.35373921293942
431-BG01602,65.99605481392885
431-BG01622,73.9003213909843
431-BG01652,63.32532542091854
431-BG01569,71.01791721015101
431-BG01703,63.875434720937626
431-BG01704,60.02661159125094
431-BG01439,70.47079801494309
431-BG01724,66.34303048654242
431-BG01660,66.20103509203742
431-BG01798,72.03224714931211
431-BG01655,65.41474408489123
431-BG01623,62.418113961399264
431-BG01675,65.11037920587968
431-BG01680,68.71640629314788
431-BG01573,69.25467675288904
431-BG01399,62.81805117305434
431-BG01657,61.5465818170542
431-BG01672,78.74106921431999
431-BG01653,68.2629278299656
431-BG01366,66.85202435649586
431-BG01606,70.7891789102444
431-BG01651,71.59386960460691
431-BG01594,62.49391066321629
431-BG01673,56.256250035513766
431-BG01615,64.13249058143326
431-BG01677,65.88837522552745
431-BG01649,65.93414620798923
431-BG01780,77.10145151675397
431-BG01690,61.83784100883353
431-BG01784,70.22307578119154
431-BG01679,65.54429983426797
431-BG01648,70.3875593590357
431-BG01571,63.89276930210979
431-BG01581,63.73273178610713
431-BG01624,67.46409441234645
431-BG01665,68.77646787675104
431-BG01702,63.740753724640996
431-BG01586,60.82171485628645
431-BG01626,61.995813672845614
431-BG01645,65.31056677200918
431-BG01759,69.9389424589763
431-BG01414,67.02682209398444
431-BG01639,63.81484945906822
431-BG01584,66.00238813084883
431-BG01633,68.66977235635939
431-BG01598,60.650609047739145
431-BG01568,56.57808967032172
431-BG01603,69.28307263646916
431-BG01640,63.72144545388652
431-BG01632,65.42650434725317
431-BG01564,67.98760409030926
431-BG01589,64.59162813075746
431-BG01587,71.52985969657165
431-BG01442,63.335827815124304
431-BG01572,66.80201903313952
431-BG01604,60.50049496220345
431-BG01599,68.1941228208911
431-BG01617,65.20349115660842
431-BG01643,67.21491956162893
431-BG01597,65.20297981252806
431-BG01412,68.76295281445259
431-BG01654,58.67580077810432
431-BG01428,72.35876795703807
431-BG01605,65.08331904945152
431-BG01451,63.757651681887126
431-BG01440,64.36603284935343
431-BG01628,66.28481244148875
431-BG01612,67.2992443314994
431-BG01636,73.71416525823659
431-BG01574,69.12159547638277
431-BG01650,58.23019233713033
431-BG01590,64.23603370687839
431-BG01570,64.79745014593732
431-BG01608,63.5416029835031
431-BG01669,66.57471610059275
431-BG01627,65.9894393173313
431-BG01538,66.94387669635319
431-BG01611,80.53417106758718
431-BG01437,65.88377829775531
431-BG01447,66.87155460893274
431-BG01646,67.12147905588364
431-BG01450,61.65407731765109
431-BG01616,62.29995899525884
431-BG01621,61.28615553424653
431-BG01452,64.4378564802413
431-BG01644,61.52641191469944
431-BG01596,67.28226682942193
431-BG01567,63.16107912038235
431-BG01635,62.31160994436106
431-BG01618,65.05688859034295
431-BG01668,74.39197034654656
431-BG01591,65.58613156932005
431-BG01449,68.03156016584204
431-BG01609,65.8886232181058
431-BG01593,61.4682825996355
431-BG01619,61.87271502252893
431-BG01585,60.94269531838934
431-BG01575,62.1428568078647
431-BG01420,65.8014133720089
431-BG01408,69.31794132416316
431-BG01613,68.75211625106598
431-BG01631,57.687070913281296
431-BG01681,72.20370393655475
431-BG01705,78.21764007670575
431-BG01795,74.96391771201243
431-BG01682,62.082904370820955
431-BG01407,63.263090912490924
431-BG01697,70.94677547533455
431-BG01579,65.88703125332307
431-BG01683,68.27369125257596
431-BG01687,64.05959622831584
431-BG01664,70.3982435579327
431-BG01666,68.58094191813488
431-BG01693,58.65668538825714
431-BG01642,63.86933353564602
431-BG01728,73.1926648665368
431-BG01760,60.13434827706796
431-BG01715,63.63470653706701
431-BG01694,65.33256494774366
431-BG01696,71.5023445538878
431-BG01638,66.05923517281335
431-BG01716,68.45985818097228
431-BG01710,69.24202729004547
431-BG01700,66.55925511596377
431-BG01708,63.875680813993206
431-BG01699,68.39551929938253
431-BG01698,70.01166010054307
431-BG01419,65.82965344549197
431-BG01729,63.427690326318036
431-BG01712,60.758389746054156
431-BG01688,77.77335023120659
431-BG01663,67.37457370672516
431-BG01754,63.23910547124404
431-BG01778,61.45208369647829
431-BG01307,63.59433709583123
431-BG01745,67.44894586536418
431-BG01730,74.30105364257719
431-BG01707,66.49799906006146
431-BG01750,65.83378505859454
431-BG01741,77.89015633659048
431-BG01747,62.72186514735751
431-BG01734,70.11889613852767
431-BG01738,79.3441871432438
431-BG01689,67.58317888796266
431-BG01726,64.94852523714428
431-BG01757,64.4534828473511
431-BG01667,65.13014317932102
431-BG01670,63.92633572468358
431-BG01391,61.6804714484362
431-BG01582,68.35053576502106
431-BG01671,71.16268116143509
431-BG01446,67.02805791727323
431-BG00137,65.98127815211429
431-BG01721,62.046610451362746
431-BG01740,66.88152054816675
431-BG01761,68.61947619637357
431-BG01762,61.66844155734405
431-BG01717,64.36590580917998
431-BG01900,64.28609892698793
431-BG01819,71.15733697140978
431-BG01718,67.24316823327638
431-BG01882,76.00409428137367
431-BG01872,70.08960758154288
431-BG01802,63.16343495901565
431-BG01805,60.242147836896365
431-BG01770,62.45720975171255
431-BG01848,77.57027583627597
431-BG01799,66.35127185784525
431-BG01885,61.06734124944292
431-BG01869,56.974629436545115
431-BG01695,64.72312102837108
431-BG01592,64.4642169509662
431-BG01876,69.75252640565236
431-BG01874,66.55049978519874
431-BG01820,58.92916759716156
431-BG01851,72.24297093243327
431-BG01859,66.4800002059528
431-BG01727,57.94493958036892
431-BG01797,63.093289818046145
431-BG01843,64.23631223083324
431-BG01842,69.44103865300379
431-BG01850,64.19858759950519
431-BG01828,72.17891622677212
431-BG01862,74.58058407087591
431-BG01879,64.41860654357075
431-BG01146,70.28576650062233
431-BG01821,64.51003482030062
431-BG01752,69.12933197175461
431-BG01748,70.63695445902384
431-BG01857,68.36217264122607
431-BG01840,63.76927384120865
431-BG01826,65.46243697608318
431-BG01767,66.04996679411698
431-BG01806,71.44532203428925
431-BG01190,66.34869296151557
431-BG01801,67.70659806062496
431-BG01898,71.90600687500815
431-BG01742,62.388705753888374
431-BG01863,66.20695819883744
431-BG01810,63.3392974654208
431-BG01785,65.95120131591254
431-BG01781,64.47084028818658
431-BG01706,69.17419621111041
431-BG01845,59.433240393738835
431-BG01856,65.1690387047197
431-BG01809,69.15176122554824
431-BG01899,73.27736292026853
431-BG01691,65.41828475927962
431-BG01855,60.49814638418326
431-BG01794,66.50408850819247
431-BG01886,71.89887045721832
431-BG01813,69.06467501366997
431-BG01905,66.68336280814016
431-BG01723,67.62535656035614
431-BG01889,62.05583368260666
431-BG01891,62.28848963143726
431-BG01913,63.5840628578575
431-BG01912,63.76010396799661
431-BG01823,63.30566058812314
431-BG01852,64.5402107841198
431-BG01143,67.76412603458238
431-BG01846,58.481146536192
431-BG01808,70.46969934404402
431-BG01766,63.45529786319905
431-BG01865,75.59751388339046
431-BG01833,69.83532647075826
431-BG01803,63.649307519040136
431-BG01731,65.98864475328973
431-BG01222,70.89598131186719
431-BG01866,63.47053084908461
431-BG01881,66.54223951270335
431-BG01684,70.6894881018292
431-BG01887,64.67454379267195
431-BG01787,65.7457342220968
431-BG01800,63.91993100240599
431-BG01769,66.99484652406042
431-BG01737,67.39051269771318
431-BG01902,71.22534489429725
431-BG01883,63.24340746429101
431-BG01782,59.27181930382403
431-BG01884,78.52341979011499
431-BG01815,63.109602130394606
431-BG01758,68.12836595124146
431-BG01824,70.26584505494438
431-BG01772,62.89471344744313
431-BG01860,65.5131036943261
431-BG01890,72.20503912393661
431-BG01732,65.28570718635223
431-BG01774,73.81629265219271
431-BG01838,60.51578929632791
431-BG01827,63.4031294580122
431-BG01868,66.72085187784998
431-BG01875,64.61217040861389
431-BG01877,63.22626658062455
431-BG01867,72.13569761348444
431-BG01841,61.63847502319664
431-BG01864,56.83664988033672
431-BG01832,63.383458937651426
431-BG01791,64.64421084156808
431-BG01836,67.9135185838937
431-BG01844,70.2656648989074
431-BG01796,75.22482688962901
431-BG01763,71.60551638283276
431-BG01837,66.26717272136038
431-BG01768,66.61024310756987
431-BG01814,63.45383575054643
431-BG01711,71.09941478884218
431-BG01786,68.67058282872961
431-BG01847,71.75617112118982
431-BG01789,69.40892086540664
431-BG01878,62.47522570396913
431-BG01807,64.43662018117135
431-BG01854,70.78249666071221
431-BG01858,74.8599514684181
431-BG01733,72.21225100406171
431-BG01888,71.98599784523253
431-BG01709,70.51965425855028
431-BG02083,63.12089312549926
431-BG02082,69.29601614080755
431-BG02043,67.21051209048896
431-BG02077,64.08732294565081
431-BG01965,68.98028783447096
431-BG02081,75.64112016008897
431-BG02086,65.05842731539892
431-BG02090,63.06843729930837
431-BG02097,64.47036494688598
431-BG02052,65.7592236386805
431-BG01988,67.00136778141021
431-BG02053,64.55791453984699
431-BG02076,72.86045197890604
431-BG02005,63.62239294411849
431-BG02007,71.80656556267328
431-BG02008,66.32934215258837
431-BG02093,64.37796712747955
431-BG02006,67.77901447180872
431-BG02013,66.45788353862245
431-BG02012,72.88243196722057
431-BG02089,66.71960586011494
431-BG02011,71.65150194873256
431-BG01975,66.58222970487999
431-BG01991,65.23548747833891
431-BG01989,73.02897978425516
431-BG01973,63.07967043639347
431-BG01980,69.30941102284076
431-BG02062,70.24908747697918
431-BG02071,64.76261999631613
431-BG02060,70.8750617585206
431-BG02080,76.54359142742211
431-BG02059,60.43701298030623
431-BG02058,61.65451824656901
431-BG02068,68.14186806234271
431-BG02063,70.5315262587956
431-BG02070,68.33726796411118
431-BG02074,62.331332375134856
431-BG02056,66.10160489872747
431-BG02069,64.71813469278483
431-BG09003,68.7279686509173
431-BG02051,67.34399291353768
431-BG01970,68.2060170205925
431-BG01931,64.47229321114011
431-BG01981,66.98216007753987
431-BG02072,66.63089098357344
431-BG01957,65.00107710273674
431-BG01984,74.1470085111984
431-BG02067,70.77613692002683
431-BG01964,71.65459868983875
431-BG01992,65.09365146779668
431-BG01969,68.92653673486716
431-BG01966,75.91955814971868
431-BG02004,76.2506624433935
431-BG01960,61.674639436547864
431-BG01971,67.53515117264088
431-BG01963,69.87493024268578
431-BG02009,63.28350669696376
431-BG01953,64.253195795838
431-BG01959,71.44118523025543
431-BG01993,63.40159564226635
431-BG01720,67.80444744486923
431-BG01999,65.84666789444213
431-BG02000,66.06288972493694
431-BG01939,63.51374911794288
431-BG01986,69.46731086096304
431-BG01915,66.51691693379377
431-BG01972,62.88001803816913
431-BG01165,72.62078431617654
431-BG01977,76.12373120862088
431-BG01947,59.63464401713975
431-BG01987,64.52640279697158
431-BG01950,67.89924260833799
431-BG01949,65.17964569028607
431-BG01942,68.00775092983108
431-BG01954,68.6885755911045
431-BG01978,64.323006697501
431-BG01955,72.62415977772935
431-BG01943,66.92503113264611
431-BG01958,68.89088684428283
431-BG01946,64.1599363821847
431-BG01983,64.06427327812048
431-BG01948,70.78342028598561
431-BG01952,66.0074168137687
431-BG01894,64.55235049454984
431-BG01908,64.04728097533895
431-BG01933,70.8689938910607
431-BG01935,66.86822642961384
431-BG01944,69.29519323697224
431-BG01940,63.50889423764843
431-BG01903,65.97970324479343
431-BG01951,65.86679195825882
431-BG01936,64.38334771072645
431-BG01923,61.73343541884494
431-BG01910,66.97870044317388
431-BG01909,63.01459761178015
431-BG01907,72.12511609677459
431-BG01849,59.552654695307666
431-BG09000,68.01587200752041
431-BG09002,69.81698302018803
431-BG09001,70.60721401160288
431-BG01906,61.78536337555673
431-BG01937,63.2759367434199
431-BG01928,72.65132763400258
431-BG01771,67.1388310229958
431-BG01914,60.2005170303422
431-BG01719,64.98487897139937
431-BG01893,64.55366631459101
431-BG01918,66.25016703890807
431-BG01932,59.413807620093436
431-BG01921,63.32435224169495
431-BG01897,72.05406611094219
431-BG01904,68.13205657227407
431-BG01896,64.33935095945381
431-BG01895,68.1170363538261
431-BG01892,65.11753935906555
431-BG01880,68.75692734831121
431-BG01818,70.34665705738117
431-BG01817,75.35233676712156
431-BG01920,75.0470991975857
431-BG01919,65.13559808139719
431-BG01901,67.03698181336752
431-BG02419,60.366621928345516
431-BG02377,70.04006985848447
431-BG02381,65.33498239314623
431-BG02353,64.46759870914597
431-BG02304,69.77578670069235
431-BG02350,68.86225172984166
431-BG02336,63.10499917369207
431-BG02318,68.65770031129382
431-BG02295,68.01823412424274
431-BG02245,61.95603860782972
431-BG02340,65.26026077180171
431-BG02201,60.898469470866594
431-BG02326,64.3088834084012
431-BG02348,64.30631666743349
431-BG02248,63.024023063925355
431-BG02299,56.94978287736076
431-BG03003,64.81774341114706
431-BG02208,66.91200025372785
431-BG02169,68.00197217443485
431-BG02331,62.548823532885024
431-BG02258,66.28754804943365
431-BG02346,63.69869469970031
431-BG01994,60.927947867493266
431-BG02277,61.50555667393597
431-BG02444,66.38509647160795
431-BG02351,64.97118152607688
431-BG02168,65.59447352950104
431-BG02361,71.8703356612548
431-BG02380,74.8338344810108
431-BG02376,71.46453506015122
431-BG02471,71.00689822742686
431-BG02345,61.041560579859166
431-BG02378,69.43177795879745
431-BG02317,65.57874369403245
431-BG02327,62.57453624478827
431-BG02294,62.29575229465737
431-BG02425,71.94625867336663
431-BG02398,63.895061183542936
431-BG03006,65.44759120374849
431-BG02267,64.98235427017967
431-BG02363,69.99680158575062
431-BG02393,61.22339199083617
431-BG02365,61.95882013565406
431-BG02269,70.13540707276667
431-BG03004,71.05214265551241
431-BG02333,59.8602113824859
431-BG02314,67.5416642019997
431-BG02396,61.87253536640083
431-BG02443,60.25433242094701
431-BG02399,64.38296445912941
431-BG02362,64.24576589611327
431-BG02367,66.6606515479398
431-BG02296,78.13990912556014
431-BG02328,61.2420240432166
431-BG02364,63.48819895587525
431-BG02088,59.12261682833834
431-BG02424,59.29134696150241
431-BG02332,62.698120824896385
431-BG02410,66.99526912546213
431-BG02409,64.6130606214147
431-BG02279,65.93553281309408
431-BG02347,75.95804888177568
431-BG02315,68.32313746905973
431-BG02298,64.62188114992489
431-BG02287,74.79447477128541
431-BG02441,63.44302471942764
431-BG02427,66.36797062694664
431-BG02415,69.306907765319
431-BG02356,65.5384935113843
431-BG02330,69.94476130365005
431-BG02293,66.09701957590335
431-BG02301,63.481368240874694
431-BG02166,65.49498375036124
431-BG02270,66.89254308210434
431-BG03009,69.10075009047395
431-BG02256,71.18145305269238
431-BG02343,67.9488727425586
431-BG02306,65.77321027392858
431-BG02324,63.993218515043594
431-BG02337,62.34423605083475
431-BG02297,66.20437946516729
431-BG02355,67.42601958998225
431-BG03007,65.66747821805333
431-BG02379,70.78296519197536
431-BG02354,60.44009061551121
431-BG02205,69.84774103081891
431-BG02116,66.5006198875687
431-BG02194,62.473448079390884
431-BG02190,59.95178677639377
431-BG02102,70.5068310817425
431-BG01755,74.2210028050876
431-BG02115,64.1805169094424
431-BG02087,62.15521996827279
431-BG01825,65.66778934038628
431-BG03005,69.72043601799564
431-BG02193,69.9972627838087
431-BG02064,69.09907454974044
431-BG02092,63.424509196102605
431-BG02111,64.8569904216697
431-BG02231,70.48128364805011
431-BG02073,67.02191472751676
431-BG02204,63.34431205269649
431-BG01938,64.71943911333267
431-BG01968,66.38898636826917
431-BG01219,72.51071337309035
431-BG01237,66.4005259397252
431-BG02243,64.86773441415849
431-BG02280,65.18364051182586
431-BG01410,66.60434888822347
431-BG02061,68.97235172122583
431-BG02244,69.80954637974054
431-BG02103,66.45046458044547
431-BG02271,65.84398130610029
431-BG02184,60.32898580115601
431-BG02319,63.30162731474178
431-BG02131,71.38227109205482
431-BG02096,65.24681001705102
431-BG02001,67.6621662646763
431-BG02132,67.13005943230921
431-BG01997,66.96225517534648
431-BG02291,67.82545081013589
431-BG02207,69.61118052113186
431-BG02308,57.37518551885937
431-BG02104,60.06605584533317
431-BG02191,77.66964157594579
431-BG02187,76.50961938779072
431-BG02129,68.71203777118916
431-BG02313,78.39411226750494
431-BG02085,60.427007385099145
431-BG02272,63.96983833111255
431-BG02284,62.33328716817399
431-BG02292,60.347435004830864
431-BG02338,62.75144683471251
431-BG02240,65.99670614280183
431-BG02322,70.80663406478781
431-BG03001,71.48605408891453
431-BG02309,76.06961802235152
431-BG02285,71.30506155595594
431-BG02310,65.83242016820236
431-BG02283,70.65839465522669
431-BG02113,66.40765977386734
431-BG02278,64.04299445234955
431-BG02282,67.37006056395268
431-BG02342,63.80402874433882
431-BG02323,70.13514677989487
431-BG02114,64.97290861119527
431-BG02289,70.33886492205728
431-BG02268,72.03996833346261
431-BG02290,69.59086204041843
431-BG02099,61.12465771325119
431-BG02206,69.23902891862653
431-BG02250,67.11746667139724
431-BG02100,61.700298318853555
431-BG02095,73.18567717854435
431-BG02478,65.820118428805
431-BG02411,67.2780394317127
431-BG02321,68.95177217787084
431-BG02397,65.83959209765489
431-BG02123,71.0708757402157
431-BG02438,64.49162282628286
431-BG02045,68.40522062227699
431-BG02391,66.68956105335673
431-BG02431,72.73973131010172
431-BG02432,71.88838234376088
431-BG02405,77.84159378940117
431-BG02430,73.00485559595054
431-BG02050,67.3156167520897
431-BG02413,67.90904329584812
431-BG00803,68.43587123251666
431-BG02255,65.70337049133265
431-BG02107,66.42357432534887
431-BG02186,72.24379218160294
431-BG02288,74.47439376823931
431-BG02125,74.00613932359786
431-BG02320,64.69788372191093
431-BG02390,60.396817431456626
431-BG02389,75.17140125758847
431-BG02412,58.49962570442094
431-BG02437,69.23460530551452
431-BG02261,64.46806548748324
431-BG02188,67.5075841693734
431-BG03002,69.5094952117933
431-BG02303,65.96319845221252
431-BG02259,78.76546034170491
431-BG02275,65.06023149317375
431-BG02251,76.84903977279372
431-BG02010,68.69098393370462
431-BG02108,70.94813343773738
431-BG02138,69.31042725804103
431-BG02133,72.3473234736425
431-BG02110,69.54074996506102
431-BG02112,67.65482337557582
431-BG02202,68.16584700388464
431-BG02117,63.31373538901301
431-BG02185,64.48175423338242
431-BG02266,62.190073482306474
431-BG02101,76.9638940849368
431-BG02329,63.99369180092084
431-BG02130,62.751476976994184
431-BG02118,70.37035270390868
431-BG02257,63.840644023519616
431-BG01756,74.82503785604254
431-BG02262,71.50912562684181
431-BG02249,64.73749686927059
431-BG02260,72.79959738468919
431-BG02286,62.745649212119204
431-BG02195,71.75346644365843
431-BG02263,66.7648588409435
431-BG02247,59.56234420680221
431-BG02106,69.92624731836396
431-BG02335,61.753540034629324
431-BG02344,71.19547895236938
431-BG01215,65.52412173961241
431-BG02197,70.92764466957296
431-BG02316,69.31605509711935
431-BG02098,69.91421332073728
431-BG02091,59.65725941071237
431-BG02252,64.23575687832304
431-BG02141,66.84496875293515
431-BG02002,72.92127015418268
431-BG02137,65.06763327462798
431-BG02382,68.88253625409311
431-BG02325,64.10249313465195
431-BG02422,65.6689140160993
431-BG02383,66.75844023519296
431-BG02421,74.30284890534317
431-BG00677,67.4053649723684
431-BG02075,66.39537166026913
431-BG02387,73.51141550994717
431-BG02388,68.85602720953251
431-BG02302,79.26779797341932
431-BG02423,63.80265011577585
431-BG02384,64.17844969332681
431-BG02109,63.50189556198844
431-BG02124,61.653467012374534
431-BG02105,59.90563905660824
431-BG01411,65.25331657400828
431-BG03000,63.1000751925531
431-BG02455,66.18230072264207
431-BG02536,62.383700086519184
431-BG02581,64.03048010585141
431-BG02509,69.0128773951802
431-BG02596,63.43456521865041
431-BG02580,66.40938664109473
431-BG02599,58.63975458083759
431-BG02561,60.87016937613951
431-BG02530,62.618713592155
431-BG02551,69.54574564538248
431-BG02406,66.5232789626465
431-BG02426,63.78653892755791
431-BG02528,70.60664043010972
431-BG02467,66.99141467891019
431-BG02463,69.79467848716729
431-BG02535,60.20920857006911
431-BG02417,66.06726666230111
431-BG02481,59.86114810533456
431-BG01305,67.10079949309744
431-BG02550,73.66965865099462
431-BG02543,64.72849218393736
431-BG00078,71.45516544132633
431-BG02539,65.52199512277494
431-BG02403,63.46630425554319
431-BG02545,65.65213550209654
431-BG02513,74.55973864988151
431-BG02402,75.34611193814126
431-BG02462,70.3325866700477
431-BG02360,69.78554675401442
431-BG02468,61.65826805394767
431-BG02372,78.07583525523003
431-BG02469,62.2396519619608
431-BG02532,71.52787543921877
431-BG02538,67.28871494477355
431-BG02525,65.26572683832919
431-BG02554,75.22699784825593
431-BG02488,66.62801358235488
431-BG02531,64.49392686053297
431-BG02446,67.74227781159155
431-BG02459,65.42606199726117
431-BG02452,68.05069524073076
431-BG02494,67.86941700032392
431-BG02404,63.129399139982915
431-BG02501,68.9507895808602
431-BG02483,68.42933140830134
431-BG02507,72.05483529808392
431-BG02505,65.04962373684018
431-BG02084,73.9666956393933
431-BG02458,64.15529177046177
431-BG02454,70.81869962897355
431-BG02429,63.9205038192946
431-BG02518,65.70440337638216
431-BG02514,73.12551165340797
431-BG02521,62.083883859756824
431-BG02352,71.51426354800662
431-BG02479,67.53370677703002
431-BG02480,63.04968154655167
431-BG02493,65.48554764264969
431-BG02520,68.07682041373774
431-BG02519,71.90766007009778
431-BG02311,72.87438595663774
431-BG02489,67.20639556524789
431-BG02516,59.7615195257629
431-BG02447,69.97378713069452
431-BG02475,65.27523526138243
431-BG02522,72.35594591300635
431-BG02502,76.07472530387454
431-BG02476,66.7988967125363
431-BG02448,66.66549138222345
431-BG02487,65.68392483789611
431-BG02368,64.45231701343187
431-BG02503,67.05230157578121
431-BG02359,64.53046176995643
431-BG02358,64.72163256733843
431-BG02357,65.2169434036212
431-BG02512,76.10391082250209
431-BG02482,72.3769079247401
431-BG02265,68.73052656020481
431-BG02492,72.29939935216905
431-BG02485,76.11342149342485
431-BG02366,59.84753506653203
431-BG02511,73.13139717919357
431-BG02386,63.808572956550734
431-BG02491,65.49769163049805
431-BG02203,73.5332603344257
431-BG02510,68.15389233901769
431-BG02442,61.58837868517814
431-BG02339,61.37874895790553
431-BG02484,62.17260193375625
431-BG02472,68.34787795766826
431-BG02416,67.70883845738382
431-BG02453,67.57112956181713
431-BG02369,67.89783326530464
431-BG02461,70.87479783739873
431-BG02504,64.54880023490422
431-BG02497,68.00676153212376
431-BG02385,67.86990857620317
431-BG02450,63.35613926350909
431-BG02451,59.49176231335283
431-BG02445,67.95451932038944
431-BG02433,65.45668750661983
431-BG02449,63.81466336055201
431-BG02312,69.55809630538269
431-BG02470,67.61528399745711
431-BG02508,66.78839432354384
431-BG02407,61.678793046378836
431-BG02460,59.86832938628203
431-BG02428,67.96955373608829
431-BG02394,73.39489979959161
431-BG02420,64.91427254622022
431-BG02281,64.65113197869651
431-BG02392,66.89483030185563
431-BG02414,71.1267254312329
431-BG02436,66.3158409831322
431-BG02486,61.63050814359474
431-BG02456,65.63666663007729
431-BG02189,71.74844476876575
431-BG02400,70.58352059630127
431-BG02853,69.09609141870445
431-BG02858,66.06941832121308
431-BG02843,68.66187194558064
431-BG02847,65.8013322892604
431-BG02846,64.58080214377627
431-BG02806,64.04318631303553
431-BG02622,64.491324876913
431-BG02844,65.82751192411367
431-BG02845,67.38373503003561
431-BG03823,67.49162547277481
431-BG02648,62.340671411070915
431-BG03822,72.08551385699666
431-BG02829,68.00921839962021
431-BG03818,76.12718234730829
431-BG02838,63.6384178052593
431-BG03018,64.30343333377675
431-BG02741,64.89958740289332
431-BG02742,65.07622270762289
431-BG02830,69.72593845843666
431-BG02818,70.40699505046877
431-BG02744,65.80760809289819
431-BG03821,63.519157680489606
431-BG02805,64.8606359281743
431-BG02832,60.16299591641709
431-BG02784,64.64464202258799
431-BG03817,62.04458929018192
431-BG02783,66.77420518126951
431-BG02785,70.34861613538973
431-BG03020,64.54040673114862
431-BG02798,62.56970423317348
431-BG02755,63.10370818890853
431-BG03820,63.88308705395642
431-BG02819,67.52374136411129
431-BG02808,67.4283094230972
431-BG02816,63.262087730846915
431-BG02807,64.54688329068836
431-BG02817,62.38034144607457
431-BG02821,64.82885474410764
431-BG02826,69.59246130360242
431-BG03816,65.35930967844463
431-BG02477,67.76644014511945
431-BG03815,62.4519399002136
431-BG02542,60.923170371826316
431-BG02790,68.04238232019932
431-BG02812,67.6554828773329
431-BG02735,71.99623433018593
431-BG02811,72.30317160022516
431-BG02791,65.5151236893419
431-BG02739,75.7589331973541
431-BG02802,61.457820915994986
431-BG02801,59.15526523379868
431-BG03017,73.85081153742155
431-BG02660,59.46881912823448
431-BG02726,64.84928826664733
431-BG02736,68.28061755856
431-BG02659,76.63727843309661
431-BG02661,66.40009461569478
431-BG02803,64.77764569028497
431-BG03016,69.061451228297
431-BG02800,68.64646864443507
431-BG02772,64.19610757609587
431-BG02712,68.57433772391033
431-BG02771,68.17956222004275
431-BG02792,69.12109955379944
431-BG00667,71.12021762999909
431-BG02773,58.85735836008043
431-BG03014,72.6369673210742
431-BG02809,68.25832086942255
431-BG02774,65.58144742836336
431-BG02760,67.42181400276525
431-BG02793,67.14945185749785
431-BG02757,69.8527544840324
431-BG02750,77.57872191855634
431-BG02769,67.54182506479057
431-BG02780,60.46417525315479
431-BG02789,60.681406723348246
431-BG02782,70.52428312796216
431-BG03011,65.0928373089508
431-BG02717,68.5787356430621
431-BG02562,69.77150504970386
431-BG02756,63.66977873996921
431-BG02787,65.15271301561776
431-BG00874,69.00383368130646
431-BG03013,70.0571064277359
431-BG02499,60.304923893788775
431-BG02786,58.98667223263899
431-BG03012,71.15621400282414
431-BG02776,76.01067856048536
431-BG02672,67.45239787209975
431-BG02675,66.82617025674794
431-BG02778,78.72594013802984
431-BG03015,64.08239286849668
431-BG02781,64.7043096767938
431-BG02764,67.49136354841323
431-BG02674,66.80918641787947
431-BG02743,63.65865515783779
431-BG02766,64.58220670391383
431-BG02767,60.37735732565854
431-BG02746,70.32960448388738
431-BG02779,63.798225804943186
431-BG02747,64.50534732446643
431-BG02718,62.375821880777316
431-BG02715,71.22256284180173
431-BG02751,69.62775554290037
431-BG02752,69.385695019971
431-BG01788,67.94523148236787
431-BG02754,66.0188181030814
431-BG02768,61.33766339139561
431-BG02770,65.83580679998452
431-BG02691,72.05633592938715
431-BG02761,63.947596746730085
431-BG02753,63.23060903549967
431-BG02738,65.81407854978934
431-BG02759,69.93255717744509
431-BG02728,63.4632707026698
431-BG02685,74.59960994698653
431-BG02740,59.80695508563847
431-BG01630,68.76110133041107
431-BG02749,69.8421243138764
431-BG02677,71.21034076659515
431-BG02734,66.05097554493277
431-BG02709,67.6114378093917
431-BG02737,71.5115478032716
431-BG02730,65.90296520491935
431-BG02729,68.59278275233765
431-BG02732,66.2311329871812
431-BG02722,65.36943519493992
431-BG02723,74.24341300721478
431-BG02696,62.58360863306895
431-BG02725,70.45862732486405
431-BG02695,68.13624679828845
431-BG02694,62.64800174921506
431-BG02711,67.06433271605022
431-BG02687,67.98193690162708
431-BG02699,61.98014817771481
431-BG02678,67.82591331373371
431-BG02673,71.75715153583288
431-BG02721,72.650950074042
431-BG02713,65.77892352088884
431-BG02719,65.23093692681776
431-BG02676,71.82385388393968
431-BG02708,63.35169721989201
431-BG02706,66.47395406487537
431-BG02705,68.28288886788592
431-BG02707,63.41257505316058
431-BG02716,71.21279342271991
431-BG02681,72.32753856098148
431-BG02714,74.35186107935871
431-BG02703,67.61494028266127
431-BG02697,61.88455997964164
431-BG02710,68.4727899969534
431-BG02686,70.12047936908033
431-BG02637,66.11726408726888
431-BG02646,73.16708041854798
431-BG02657,64.40601331713717
431-BG02701,71.50207154491075
431-BG02653,65.13986125568451
431-BG02702,64.88817852588338
431-BG02239,69.05190482314968
431-BG02700,64.62452623687473
431-BG02682,69.21496864283364
431-BG02688,69.43684806249281
431-BG02669,69.55347296351893
431-BG02683,69.0770154775249
431-BG02473,65.29667527715165
431-BG02625,64.02936287352605
431-BG02679,67.37069271502982
431-BG02651,65.53128564154228
431-BG02664,72.35684950813362
431-BG02652,64.519025047298
431-BG02623,65.29017653671443
431-BG02578,72.3602031476237
431-BG02624,66.39832518319746
431-BG02375,65.00121738819881
431-BG02418,63.08395437856936
431-BG02609,64.35166647298814
431-BG02610,59.422626774349325
431-BG02607,76.08629651205904
431-BG02647,60.261613356843895
431-BG02629,66.76274299889613
431-BG02630,68.46164901275826
431-BG02650,68.67658273499059
431-BG00811,66.6193996324949
431-BG02656,60.32536122078495
431-BG02668,64.69034729063644
431-BG02628,58.99580722211864
431-BG02590,67.63359071161256
431-BG02670,62.69880477335144
431-BG02666,65.66860135638952
431-BG02627,65.87691446416694
431-BG02371,62.574587526113795
431-BG02692,74.76747144315102
431-BG02665,65.37859903983242
431-BG02370,60.47156065457216
431-BG02614,61.06849318582391
431-BG02655,71.14470289058168
431-BG02567,67.1713763390922
431-BG02374,64.63968874488032
431-BG02636,69.92409660330136
431-BG02603,68.57345971429513
431-BG02598,59.608965847340116
431-BG02662,66.13034170406836
431-BG02591,63.510878217486436
431-BG02597,61.705557960849326
431-BG02626,61.50455288755723
431-BG02663,67.35745598260998
431-BG02642,68.72895572579493
431-BG02641,61.189556391153175
431-BG02621,60.85141631934623
431-BG02620,64.63761761653211
431-BG02307,63.20172367893369
431-BG02611,60.73492864441245
431-BG02643,61.72741289882751
431-BG02644,62.418352862135265
431-BG02635,67.44245059768117
431-BG02559,66.6254026289261
431-BG02639,61.16401410390915
431-BG02605,64.7893250066551
431-BG02588,67.76052611962963
431-BG02583,66.51107553481782
431-BG02613,68.86797066950528
431-BG02631,65.15385070346564
431-BG02633,65.83539634422328
431-BG02616,63.62728380177939
431-BG02548,60.45117926305807
431-BG02549,57.582193227716935
431-BG02640,64.5005455122042
431-BG02474,64.61661265738076
431-BG02594,65.67271135177702
431-BG02615,63.0169354343344
431-BG02606,63.8906032459336
431-BG02618,68.29759260423012
431-BG02529,66.57383804600178
431-BG02439,72.84525728236513
431-BG02617,62.6058641620624
431-BG02601,60.81987314173874
431-BG02572,66.47590630949934
431-BG02556,63.74856272367445
431-BG02573,60.19018401192912
431-BG02602,59.1971168086023
431-BG02574,65.61534350844275
431-BG02553,72.96013009102742
431-BG02568,72.01748034048622
431-BG02589,72.36171670027939
431-BG02604,70.34438340436931
431-BG02557,72.92371592821299
431-BG02563,69.62340130873639
431-BG02565,66.76131279614698
431-BG02585,68.51025072896
431-BG02584,57.46119822723334
431-BG02586,54.836318609548414
431-BG02566,63.997315900904006
431-BG02555,73.40281074681104
431-BG02569,67.87418155088967
431-BG02579,68.23783977949651
431-BG02595,69.48287839563325
431-BG02587,67.38380986399653
431-BG02526,59.83517686921071
431-BG02466,62.394479939570076
431-BG02527,64.44513688958624
431-BG02546,65.63449298584615
431-BG02506,64.02532920813782
431-BG50001,65.6836110271287
431-BG01835,60.980415188841235
431-BG50002,68.55276495084385
431-BG00346,64.43389981441192
431-BG50003,63.56379556439598
431-BG50004,67.62262436505465
431-BG00454,63.79397283883577
431-BG50005,65.02058980741647
431-BG50006,71.86963337563378
431-BG50007,62.332260990789145
431-BG50008,63.966477646831905
431-BG50009,72.96972100596255
431-BG50011,70.13976130915728
431-BG50014,61.2520643083438
431-BG50015,70.76459488086735
431-BG50016,67.31680642890265
431-BG50017,63.03593823277424
431-BG50018,61.77545650557782
431-BG50019,60.19551439828922
431-BG50020,59.99209403704735
431-BG50021,64.19465319876302
431-BG50023,67.97383443513617
431-BG50022,68.78706268541704
431-BG50025,64.24225160901231
431-BG50026,60.55689205976783
431-BG50027,64.59068067075832
431-BG50028,62.875619749108346
431-BG50029,65.73937425354316
431-BG50031,65.35903292704435
431-BG50032,65.26328234212578
431-BG50033,66.31640845245498
431-BG50030,67.59582929295286
431-BG50034,67.80363886327366
431-BG50035,66.38807956932308
431-BG50038,65.97100850443687
431-BG50039,74.0689600518556
431-BG50040,74.93801824021799
431-BG50041,65.17323662157486
431-BG50042,65.37841066574072
431-BG50043,61.802397286000975
431-BG50045,59.59772321340254
431-BG50046,67.51483879294464
431-BG50047,62.34154991258738
431-BG50048,61.567059417212306
431-BG50049,62.60187905127139
431-BG50056,61.594547522978985
431-BG50057,62.34936922445814
431-BG50058,67.16705166776028
431-BG50060,66.36648800506076
431-BG50061,59.9968468755314
431-BG50078,68.95608301801082
431-BG50091,63.7200942028752
431-BG50088,64.54465993405587
431-BG50079,74.22581345626041
431-BG50092,59.70328977385432
431-BG50072,77.71395378889913
431-BG50089,68.43507203186722
431-BG50090,64.86780677796214
431-BG50024,63.645446445605664
431-BG50083,58.242586010279496
431-BG50084,63.6695645502672
431-BG50080,64.64400414383267
431-BG50075,70.03720218601917
431-BG50086,65.40629720409194
431-BG50068,57.67696182008292
431-BG50063,70.28950404178951
431-BG50085,70.03627020593271
431-BG50081,61.11252790372162
431-BG50052,66.66427112404497
431-BG50077,59.391709563110915
431-BG50076,70.95390490522105
431-BG50073,65.60702216080733
431-BG50071,65.66157799699465
431-BG50069,64.82970186395619
431-BG50066,67.73567054637823
431-BG50070,65.4495446938002
431-BG50074,61.525575457937066
431-BG50064,68.8619764262457
431-BG50067,68.23205740321708
431-BG00384,68.89943584313303
431-BG50065,58.976502221176005
431-BG02923,67.72080499873537
431-BG02237,62.403464692003865
431-BG00193,62.14562997466595
431-BG03082,72.28044228400442
431-BG02918,63.815440425474534
431-BG02882,70.56299917506956
431-BG03076,71.55862004222452
431-BG02823,64.33131303637701
431-BG03084,69.63758818799306
431-BG02921,62.19569908936922
431-BG02813,65.32493826955297
431-BG03086,73.97462991037615
431-BG02891,70.84379033017142
431-BG02901,64.35068682533021
431-BG02895,63.20905885520324
431-BG02878,67.28760365254655
431-BG02867,72.09060496028788
431-BG02893,61.961197530787025
431-BG02850,62.958926420144934
431-BG02571,71.28295187842417
431-BG02837,67.0603715028104
431-BG02886,59.95935431308253
431-BG02869,62.429691824213045
431-BG02855,65.59326537493027
431-BG03055,71.83594423226876
431-BG03075,68.75104812391051
431-BG02874,63.09718493970819
431-BG02877,71.03239353461241
431-BG03825,74.61055471331073
431-BG02974,65.15910524939385
431-BG02902,63.46878125945885
431-BG02904,62.983886752659586
431-BG02910,61.35044029494631
431-BG02919,66.27260509011808
431-BG03826,64.79173143782772
431-BG02885,65.95659131293796
431-BG02896,65.07154082489976
431-BG02835,65.92929684718163
431-BG02899,59.550597290015645
431-BG02888,64.70209573438926
431-BG02842,69.26118863131123
431-BG02920,68.9687770333394
431-BG02517,65.3033649014544
431-BG02866,71.38639634020976
431-BG02841,69.78066719669987
431-BG02881,61.65061432856787
431-BG03081,62.44841370773128
431-BG02894,66.59226168862487
431-BG02763,73.00329963359995
431-BG02915,65.66526331240627
431-BG02879,63.743216357272445
431-BG02762,65.15949649340158
431-BG02871,62.586166230912994
431-BG02799,70.4578902668925
431-BG02929,65.29471325444781
431-BG03085,83.17470765985539
431-BG00907,69.06486678665375
431-BG02570,70.61608449129031
431-BG02854,69.79066264200132
431-BG02932,67.10192448674839
431-BG02873,62.489656912599294
431-BG02868,62.94975066601269
431-BG02857,66.10905215673664
431-BG03080,60.75583208400384
431-BG02906,67.09389389753318
431-BG02876,67.60704759652883
431-BG02938,65.30539615328101
431-BG02897,64.09050370403097
431-BG02887,64.55363981420054
431-BG02892,62.88195492935728
431-BG02859,62.24103550649848
431-BG02852,65.87034261181121
431-BG02775,67.8285635843465
431-BG02884,65.41390300971716
431-BG02748,64.72711565638028
431-BG02985,62.34401933682072
431-BG02745,66.91644333908701
431-BG02849,65.61372817991716
431-BG02860,62.30966214322237
431-BG01930,63.91711106384451
431-BG02833,71.97716896523004
431-BG02875,64.83385356272902
431-BG02883,67.4642735102986
431-BG02880,61.35772638552048
431-BG02824,63.63312696982995
431-BG02928,66.45897803792808
431-BG03079,69.03915107411139
431-BG02889,68.12717386264211
431-BG02872,64.46990524369765
431-BG02909,66.77347942782104
431-BG02836,65.41671277918896
431-BG02908,62.26393580160402
431-BG02917,64.78571832848318
431-BG02890,69.84226764959121
431-BG03058,63.47056342731934
431-BG02952,63.61766546718918
431-BG02951,71.00714648254865
431-BG02965,69.5802214874655
431-BG03068,69.38837835833725
431-BG03072,64.90206337086695
431-BG03065,63.64626447530229
431-BG02959,65.4690347860518
431-BG02943,73.90733909489522
431-BG03042,61.766499575871904
431-BG02944,63.61667984598701
431-BG02903,68.697171746761
431-BG02997,73.43149037430535
431-BG02948,65.15329122943
431-BG02870,61.722924708342546
431-BG02936,69.26809983434981
431-BG03064,73.73160428241235
431-BG03027,62.523388670610736
431-BG02924,62.92720661658282
431-BG03049,67.75075968137283
431-BG03066,67.05046999460713
431-BG02958,64.43250093484208
431-BG03052,63.70997919149238
431-BG03061,60.594357316838405
431-BG02898,70.55133592697317
431-BG02930,58.680983757562124
431-BG02947,61.86663438572608
431-BG02986,64.58744736626922
431-BG02987,64.43928478715725
431-BG03828,68.28126762999318
431-BG02961,63.802165170453875
431-BG02916,67.38052960220986
431-BG03074,61.2383821958439
431-BG02990,67.55082352279913
431-BG03067,67.12405661632077
431-BG03034,64.65238647354737
431-BG03030,70.77765466737027
431-BG03053,65.1214590641622
431-BG02935,73.40459840446023
431-BG03026,69.00509743772389
431-BG02989,73.1625061644797
431-BG03041,61.137206066522026
431-BG02968,67.97919861551912
431-BG02988,65.66268159765646
431-BG02976,68.84741460580838
431-BG02500,67.55039504267022
431-BG03829,67.49736049026785
431-BG02933,70.43775253983209
431-BG02981,72.61389858012788
431-BG02973,69.60154721143856
431-BG02978,68.20256369857886
431-BG02984,70.12042756993216
431-BG03032,66.59923092774757
431-BG02970,64.26128721556215
431-BG02946,69.02548579894375
431-BG03035,63.462256849098914
431-BG01870,66.23893821381238
431-BG03057,67.51940654069075
431-BG03054,65.48453351727449
431-BG02931,66.62857927738929
431-BG02983,61.357245827782016
431-BG02993,66.38860503872502
431-BG03024,77.78981823200657
431-BG03063,65.2666047102333
431-BG03022,63.09439829378304
431-BG03033,69.14040277578627
431-BG02941,64.18790317175394
431-BG02998,67.27655471297611
431-BG03029,65.31433989970606
431-BG02966,67.7542652267463
431-BG01956,65.31911238212376
431-BG02964,70.13129799878517
431-BG02992,63.83990769255044
431-BG03048,71.2332882467012
431-BG02962,72.8252459093226
431-BG02865,71.22234713215963
431-BG02979,69.53124825577588
431-BG03038,65.77818343754238
431-BG02994,67.87534982352891
431-BG02544,72.69572340297603
431-BG03036,80.03767016513656
431-BG02926,68.14537824897872
431-BG02977,58.074163624526676
431-BG03047,65.89907138223673
431-BG02972,67.44947480751392
431-BG02982,68.73108562607679
431-BG01064,67.51026262401626
431-BG02954,78.78874631938017
431-BG02960,71.49526661554813
431-BG02980,72.97269382194975
431-BG02995,63.49062493184921
431-BG02905,63.762693841424195
431-BG03028,64.1784520409673
431-BG03043,67.87972541355491
431-BG03050,63.289123714548126
431-BG03023,73.1758912321111
431-BG03025,66.86699737088735
431-BG02856,69.15850974163425
431-BG02950,66.5644421288843
431-BG02953,67.51455490767515
431-BG02991,68.37054200249237
431-BG03059,72.64938741185131
431-BG00203,76.09572276867061
431-BG00223,61.33316428187806
431-BG00289,65.36368806242488
431-BG00310,62.74149324839259
431-BG00286,64.04369726174876
431-BG00305,65.88216562941145
431-BG00348,62.88157447829644
431-BG00300,64.71392822009778
431-BG00358,59.972318775907866
431-BG00336,73.4834402584764
431-BG00229,59.87997029659197
431-BG00227,60.13826839432067
431-BG00335,74.0271981413968
431-BG00298,67.03729819634839
431-BG00352,68.57595200858731
431-BG00316,70.66958145382542
431-BG00361,65.88059854108229
431-BG00279,68.31732869381946
431-BG00301,73.09068649800436
431-BG00322,65.83917391929994
431-BG00324,62.95654068706396
431-BG00391,74.88426356262788
431-BG00154,65.43120073803397
431-BG00327,69.6296653206548
431-BG00192,65.62873633994838
431-BG00296,62.37183109401816
431-BG00315,67.8758682371635
431-BG00270,67.46679639065775
431-BG00293,66.26910543266835
431-BG00302,69.80302877490341
431-BG00265,71.50221355339768
431-BG00331,67.16801581884646
431-BG00306,79.69606231532661
431-BG00262,71.49864801103413
431-BG00304,64.25538459730117
431-BG00199,67.4314856743372
431-BG00362,69.71069161018619
431-BG00297,66.20990148707439
431-BG00277,65.68396619717349
431-BG00284,66.24106992885933
431-BG00326,62.90508192497082
431-BG00317,65.61134641596422
431-BG00267,69.75632207674623
431-BG00283,71.49738313920382
431-BG00318,65.39070916484394
431-BG00276,66.78456711973182
431-BG00303,65.8927612157405
431-BG00339,76.1893481470834
431-BG00263,66.28117549982116
431-BG00258,73.01270469160382
431-BG00311,65.87872280267344
431-BG00351,73.28170637633997
431-BG00340,64.2743434024034
431-BG00378,65.39292897712131
431-BG00423,62.4276133386765
431-BG00357,65.48240338957751
431-BG00370,63.6192373079382
431-BG00387,64.90588073103885
431-BG00363,63.5530950573099
431-BG00269,59.97359264786179
431-BG00237,68.05062770513833
431-BG00427,67.07999348729795
431-BG00367,68.1812715421354
431-BG00383,75.08386946286409
431-BG00380,60.58689698772812
431-BG00205,69.67463653065492
431-BG00350,63.699896095199186
431-BG00353,66.55250121084785
431-BG00385,64.48980436293628
431-BG00325,74.58994690040089
431-BG00379,77.15654537345716
431-BG00435,66.2522348760533
431-BG00369,66.656611310858
431-BG00359,66.44365095085367
431-BG00308,68.06421706249806
431-BG00314,73.51451129671592
431-BG00355,69.99543011293527
431-BG00236,62.3276795063258
431-BG00259,61.87857291861684
431-BG00360,68.03257982956058
431-BG00426,71.3781946856107
431-BG00401,62.47319567583673
431-BG00150,67.57896087935633
431-BG00364,80.84857951928397
431-BG00320,70.31391087723196
431-BG00397,76.93143907487845
431-BG00330,72.27964173116031
431-BG00403,71.88645034705007
431-BG00291,73.41874661548985
431-BG00376,67.23639587294231
431-BG00337,64.44325407422583
431-BG00334,70.58253628683502
431-BG00342,67.92402087554174
431-BG00409,59.32205057296935
431-BG00341,69.61993991225197
431-BG00393,77.92140051308023
431-BG00620,71.66316895475988
431-BG00636,66.4438394194473
431-BG00654,73.75587899038065
431-BG00655,62.89104136652213
431-BG00688,65.14483252395117
431-BG00471,74.27706306878956
431-BG00722,61.91916397091558
431-BG00686,71.51330370475107
431-BG00702,71.50624484970596
431-BG00630,63.640719065210426
431-BG00645,65.54808783731869
431-BG00676,71.41441054929207
431-BG00647,73.7647830288277
431-BG00653,72.50448162283217
431-BG00691,65.43152801181687
431-BG00640,61.22942535569973
431-BG00687,76.89883676311467
431-BG00513,67.91789590258425
431-BG00711,67.2507398030258
431-BG00683,70.40181713927396
431-BG00665,62.30175798594707
431-BG00712,77.13747885441586
431-BG00661,64.75319223290249
431-BG00649,60.246700337432735
431-BG00619,74.80538128595683
431-BG00669,76.7113619913501
431-BG00671,66.06194234021508
431-BG00700,70.9178732653198
431-BG00717,67.57952093808937
431-BG00660,66.3035910483965
431-BG00681,64.78230207624857
431-BG00662,64.5843219529174
431-BG00701,71.59665649327891
431-BG00678,71.13048265329395
431-BG00621,62.77668425038262
431-BG00278,76.57419932503812
431-BG00693,70.70648693738552
431-BG00618,72.57807501654473
431-BG00646,66.00954930063862
431-BG00707,65.31075184025013
431-BG00674,72.91986616943973
431-BG00416,69.99938271522663
431-BG00668,72.6912001185907
431-BG00680,63.174324564391014
431-BG00696,70.66119021826235
431-BG00704,72.95450294909176
431-BG00685,60.59280803778335
431-BG00617,63.1827181976672
431-BG00697,71.04001246237455
431-BG00675,66.51085932897816
431-BG00589,77.58576388885152
431-BG00614,63.56781769683235
431-BG00567,69.50494859080143
431-BG00695,70.13340986866471
431-BG00194,65.65816166255499
431-BG00586,60.8941086487891
431-BG00555,60.961303792164074
431-BG00592,66.21092667866925
431-BG00699,64.67731475151845
431-BG00584,72.76082154317906
431-BG00571,67.85993310018827
431-BG00639,68.58827277115415
431-BG00601,72.01632148989692
431-BG00672,69.26668267173888
431-BG00613,71.45740645745904
431-BG00597,63.89913249811572
431-BG00682,66.77875947516875
431-BG00581,65.22994730324548
431-BG00582,71.68670690019832
431-BG00591,72.19254508501746
431-BG00612,70.18735854236373
431-BG00521,67.75127873268956
431-BG00678_REP,66.10384936088239
431-BG00684,65.0907125797047
431-BG00604,71.93228875460503
431-BG00606,67.85246266224388
431-BG00593,65.1284568759093
431-BG00623,68.62039300448909
431-BG00629,67.52511169327848
431-BG00641,65.67075521910314
431-BG00548,65.37630231657543
431-BG00371,65.54757539932429
431-BG00684_REP,64.12397782219186
431-BG00257,70.3220550918302
431-BG00547,66.41498318141574
431-BG00635,68.8008593468596
431-BG00608,62.38400726715177
431-BG00624,62.52423496510909
431-BG00579,61.848038876555314
431-BG00495,72.44093147754486
431-BG00446,72.53804013770055
431-BG00607,71.00176420083619
431-BG00550,64.80041115055215
431-BG00643,68.44184225984684
431-BG00631,67.1696519099767
431-BG00622,73.40627774350901
431-BG00578,73.39744046997569
431-BG00615,75.89719331169937
431-BG00600,66.9138729582327
431-BG00496,66.62487541914932
431-BG00609,63.83172730808967
431-BG00587,64.89054224736556
431-BG00609_REP,65.7177713391447
431-BG00644,59.79573667897045
431-BG00566,75.22572462708169
431-BG00627,73.38785484651034
431-BG00638,81.7136887102809
431-BG00551,63.81017094011738
431-BG00135,71.7560151622875
431-BG00719_REP,63.0152132299909
431-BG00533,71.93690118805317
431-BG00642,64.99395022953259
431-BG00844_REP,76.08661117205992
431-BG00782,64.88433814343514
431-BG00750,69.94970708797398
431-BG00787,69.13212659309855
431-BG00777_REP,68.64681709860612
431-BG00857,69.96835541207207
431-BG00843,69.68514031059173
431-BG00819,67.90347771500232
431-BG00274,65.69070741216511
431-BG00875,64.44301041438996
431-BG00859,71.08928432891378
431-BG00810_REP,59.50615719387689
431-BG00872,62.522660116135874
431-BG00821,66.14857844285544
431-BG00719,63.97010222705827
431-BG00779,73.51969425584731
431-BG00829,77.48444211363429
431-BG00826,70.20133913515798
431-BG00844,75.0866926225037
431-BG00778,67.40536278525644
431-BG00807_REP,68.25736531014265
431-BG00733,72.98261804893268
431-BG00746,67.4533864716108
431-BG00535_REP,63.809263079672775
431-BG00741,67.38011764836526
431-BG00738,63.650393602271926
431-BG00769,65.49925723827768
431-BG00751,72.57582578420651
431-BG00792,69.1264927109298
431-BG00777,65.47693094383386
431-BG00785,66.015122793438
431-BG00772,66.8039404231146
431-BG00734,71.45977082123751
431-BG00783,74.32902345853302
431-BG00673,66.055732491441
431-BG00728,63.00012382363227
431-BG00765,73.52056300189716
431-BG00755,72.9830754014779
431-BG00767,73.78508573614046
431-BG00720,70.80638748595847
431-BG00761,68.22386161918485
431-BG00768,65.8156977708778
431-BG00810,61.259072690906144
431-BG00813,71.02853441515623
431-BG00845,73.33206746738452
431-BG00830,71.94234018951384
431-BG00861,66.37691906213456
431-BG00632,64.70088049844114
431-BG00840,70.03306784438499
431-BG00807,66.30191044456215
431-BG00816,68.56331398638184
431-BG00815,68.17364904548894
431-BG00705,62.49926175349945
431-BG00757_REP,65.74944974437842
431-BG00848,68.40557470817373
431-BG00854,73.29134623799942
431-BG00834,70.3993645401948
431-BG00634_REP,71.15690844284836
431-BG00535,61.665412144079646
431-BG00757,66.2165572795183
431-BG00818_REP,65.631995751964
431-BG00855,66.91395294186881
431-BG00833,62.59527738175949
431-BG00842,66.00836082148781
431-BG00634,73.69432685708716
431-BG00818,63.8118938735539
431-BG00831_REP,65.65974553864267
431-BG00773,78.22191088811024
431-BG00831,64.79967365589985
431-BG00828,68.39655444201212
431-BG00871_REP,63.46370490006481
431-BG00814,82.34637658779684
431-BG00853,71.46319464043894
431-BG00871,61.93460859907823
431-BG00788,67.75517116688444
431-BG00827,66.46122806376502
431-BG00850,74.23684498400206
431-BG00798,72.51467648716668
431-BG00771,72.16187642878565
431-BG00822,60.97815090087852
431-BG00812,62.699086236542904
431-BG00820,66.34335673111514
431-BG00809,68.50515462189787
431-BG00832,72.38484740538442
431-BG00715,63.272113411179916
431-BG00745,67.2626480545007
431-BG00713,75.80561313128031
431-BG00689,65.17591298977804
431-BG00764,70.10544691664181
431-BG00596,70.31832968382825
431-BG00776,65.86862683575356
431-BG00770,71.70163184437757
431-BG00756,72.50653547150735
431-BG00692,62.1952975835298
431-BG00656,65.38326672126298
431-BG00742,75.40358407270261
431-BG00775,72.5822947859271
431-BG00784,76.49233025972964
431-BG00808,62.62344205776705
431-BG00749,67.65717805695466
431-BG00726,65.26613916404474
431-BG00766,65.58180732364204
431-BG00732,67.60473161473703
431-BG00710,73.11571833882505
431-BG00780,67.93976411357174
431-BG00716,62.2084636250408
431-BG00747,68.42200469814745
431-BG00759,71.68280796666016
431-BG00752,66.2822858133264
431-BG00721,72.85803314449218
431-BG00735,70.7910321249779
431-BG00163,64.62829119084559
431-BG00718,72.7343969013272
431-BG00744,69.42346044156861
431-BG00714,60.92037601436164
431-BG00731,68.77574501403922
431-BG00791,71.469222353658
431-BG00724,68.2571046711259
431-BG00763,73.55403248892216
431-BG00565,66.32897380868171
431-BG00868,70.1677680871221
431-BG00839,65.79137358325129
431-BG00880,72.93540757900232
431-BG00869,74.86742112396983
431-BG00795,58.38671192650112
431-BG00873,70.10850199762041
431-BG00794,63.66495684115688
431-BG00867,71.91558528386442
431-BG00838,72.38977413232074
431-BG00904,70.6081841598443
431-BG00698,65.39048740450502
431-BG00895,63.67857756085043
431-BG00900,70.16094244922182
431-BG00881,69.17142156417563
431-BG00806,64.88403617833333
431-BG00805,67.52409328241727
431-BG00786,66.55519235040153
431-BG00863,68.21227966512772
431-BG00917,69.94396705922144
431-BG00902,69.83391039409737
431-BG00851,67.3442496670747
431-BG00801,72.34935563211769
431-BG00879,65.64147510477636
431-BG00877,67.68749604059458
431-BG00637,65.82290239076735
431-BG00804,67.9533041315692
431-BG00876,66.29042968470054
431-BG00922,67.68610417081229
431-BG00967,64.0855392390618
431-BG00966,70.50940475765934
431-BG00915,73.7576745502297
431-BG00929,65.48779678587748
431-BG01000,66.94838439477037
431-BG00946,66.9872076153933
431-BG00994,76.07221636707737
431-BG00942,84.04064645195677
431-BG01013,67.10625687188006
431-BG01015,64.38836430029538
431-BG01030,71.09890428641918
431-BG01019,78.92184299223318
431-BG00997,62.65301414837809
431-BG01046,69.41327998081027
431-BG01006,77.74256870132821
431-BG01055,74.41385436461066
431-BG00948,70.02109356277997
431-BG00956,70.23891720145608
431-BG01003,62.15683558861345
431-BG00945,61.5939616871314
431-BG00973,65.91135695755688
431-BG01050,68.96956654555501
431-BG01039,68.09033859473492
431-BG00993,74.33594927466703
431-BG00975,65.74385733482349
431-BG01011,67.67440202706503
431-BG01020,60.47505885018782
431-BG01023,66.41738756442555
431-BG01012,61.63721093166702
431-BG01048,65.71900597273101
431-BG00972,75.16690617202637
431-BG00989,61.683365626431964
431-BG01033,68.62113241494708
431-BG00987,73.0859344587215
431-BG01049,76.32926323136174
431-BG00986,67.8349740928425
431-BG01028,58.61186094047231
431-BG00941,65.60585813156031
431-BG01002,62.50321082042269
431-BG00953,65.65865910018765
431-BG00925,62.90828021271767
431-BG00991,67.11712357437845
431-BG00727,67.87826673486943
431-BG00988,66.60365554628098
431-BG01016,66.80116591819657
431-BG00916,69.62716714290005
431-BG00964,66.36920338546417
431-BG00885,65.44610610996055
431-BG00911,73.50046678641434
431-BG00891,65.04889500022001
431-BG00960,65.72943126410134
431-BG00930,66.11557151670559
431-BG00918,67.24279092400175
431-BG00958,62.91945229107303
431-BG00950,64.39744686095256
431-BG00928,64.6374307219795
431-BG00938,60.55081039249223
431-BG00985,69.79376756700248
431-BG00912,67.09181795571116
431-BG00962,71.0444209400425
431-BG00974,67.12773006844576
431-BG00970,64.00063573837996
431-BG00889,63.71001585737433
431-BG00965,68.33431778943496
431-BG00959,65.78503642175815
431-BG00908,68.9067143960845
431-BG00905,64.45754889968049
431-BG00890,63.82385594020623
431-BG00944,72.87328222506501
431-BG00906,73.46522571669055
431-BG00894,67.85111803493902
431-BG00968,63.60430992385707
431-BG00931,77.59117105769435
431-BG00954,69.77469221787166
431-BG00927,68.88587582549934
431-BG00884,65.45084857397917
431-BG00981,68.90043925070482
431-BG00951,64.84874722921805
431-BG00978,72.0186228203861
431-BG00921,75.5337444356622
431-BG00998,71.07139039715321
431-BG00977,67.11821375727835
431-BG00943,59.66551640462382
431-BG00774,64.44872814951987
431-BG00923,72.15655712319797
431-BG00888,68.88962446906017
431-BG00920,64.37005112703596
431-BG00883,66.88129221130738
431-BG00870,63.37194197848533
431-BG00924,76.23656929783061
431-BG00865,76.44602885132008
431-BG00886,67.28583640451717
431-BG00933,68.68389336827288
431-BG01001,70.8631832001017
431-BG00896,65.06455592880202
431-BG00949,67.38695101974025
431-BG00887,74.37049702584459
431-BG00909,64.35325344998809
431-BG00913,64.3998119661989
431-BG00995,69.12527585492413
431-BG00963,67.0245266978139
431-BG00990,75.80133751355537
431-BG00897,72.48998422185764
431-BG00952,61.66215367896299
431-BG00996,72.1647831501541
431-BG00957,70.10175730766902
431-BG00893,66.2786217019216
431-BG00969,72.57216053961619
431-BG00919,70.24145563553961
431-BG00932,69.83235631294913
431-BG00910,68.90241310407811
431-BG00802,66.0305390361286
431-BG00892,71.62045429294241
431-BG00903,63.1357120016518
431-BG01005,71.18737354276247
431-BG01139,68.08426111934527
431-BG01211,74.57956240104075
431-BG01082,72.90275901796947
431-BG01101,65.769366136711
431-BG01081,63.81060191684842
431-BG01104,69.89989667425932
431-BG01213,65.32719718844304
431-BG01224,64.85920469943123
431-BG01092,68.21095541720109
431-BG01188,65.46579732665357
431-BG01128,66.39685162599818
431-BG01108,64.24439781184151
431-BG01141,64.78692888045931
431-BG01122,65.5958766353943
431-BG01093,64.00815906697704
431-BG01118,58.959893872866296
431-BG01120,62.45944582857107
431-BG01121,68.31719596220165
431-BG01148,65.67194160417411
431-BG01076,70.31117260216598
431-BG01129,79.23921341425216
431-BG01127,63.60352020446974
431-BG01223,69.04100530549009
431-BG01018,65.58466140458646
431-BG01075,64.77160406289364
431-BG01043,67.86830547331454
431-BG01117,60.79233269458464
431-BG01034,65.87736033211839
431-BG01131,69.7183453294105
431-BG01232,63.37132088499557
431-BG01068,75.04341939112923
431-BG01130,67.09733217313641
431-BG01079,69.90432921997053
431-BG01228,68.5254851021408
431-BG01027,70.96610268129405
431-BG01063,72.45097554553402
431-BG01070,69.67891046911515
431-BG01031,66.54871734121228
431-BG01017,73.26639334296036
431-BG01088,71.71411416721241
431-BG01283,69.94353275024092
431-BG01085,68.51920402602423
431-BG01242,66.46990468659969
431-BG01147,65.8069173180058
431-BG01072,74.56420172366153
431-BG01059,66.60178110279583
431-BG01036,67.38515796074365
431-BG01217,68.51740846203028
431-BG01054,61.924346672500455
431-BG01045,70.1863993672334
431-BG01051,63.19609525908616
431-BG00955,70.61892942409115
431-BG01083,69.71252679276182
431-BG01038,66.36685717288877
431-BG01272,64.78573829883739
431-BG01241,70.7467591746111
431-BG01032,70.47468230098133
431-BG01021,63.759274296199855
431-BG01327,65.63063541164526
431-BG00878,67.01395357613448
431-BG00012,60.73895912449898
431-BG01057,58.96324354321058
431-BG01071,81.12799697775449
431-BG01233,60.236992457696275
431-BG01267,70.22283363021538
431-BG01289,61.4511815727331
431-BG01290,70.29399438080654
431-BG01278,72.78112469043069
431-BG01234,70.80278652521183
431-BG01244,67.02012983822901
431-BG01221,71.92448032324745
431-BG01238,68.66995925482617
431-BG00497,76.38169637161658
431-BG01246,66.8707335199072
431-BG01298,70.07597979833629
431-BG01315,60.517589950239994
431-BG01253,73.40371185800363
431-BG01235,72.53873682185079
431-BG01260,64.40840123960916
431-BG01270,67.50651362452498
431-BG01249,72.91668697138921
431-BG01140,70.13312036975216
431-BG01212,65.28086132899993
431-BG01276,69.39941092462126
431-BG01091,66.91432754539991
431-BG01252,62.008870685709724
431-BG00709,56.967926916216655
431-BG01286,79.77417461274511
431-BG01250,64.38882962550271
431-BG01296,60.41668887694062
431-BG01251,60.363450475162715
431-BG01243,70.80340450609458
431-BG01149,70.48767386668318
431-BG01281,68.6025477600606
431-BG01084,69.045671790382
431-BG00914,77.1780979640953
431-BG01074,65.90538090324492
431-BG01105,69.43675247494002
431-BG00799,67.9867820520894
431-BG01077,71.79342061965842
431-BG01069,65.50747664083126
431-BG01026,68.06490374508365
431-BG01047,60.96972467277905
431-BG01042,63.458578604992525
431-BG01058,64.3230466804021
431-BG01053,73.27875998135787
431-BG01095,70.8539668395547
431-BG01052,75.69904993276387
431-BG01062,67.85106743926076
431-BG01099,71.44592163435566
431-BG01037,67.68059839810515
431-BG01029,68.91078430813361
431-BG01090,68.16766700032525
431-BG01035,69.4359494711175
431-BG01056,67.19779887944804
431-BG01040,70.30412321267231
431-BG01067,65.87719736777107
431-BG01025,65.78254852700479
431-BG01061,68.10348280954311
431-BG01041,60.96240707869844
431-BG01066,59.59006122696368
431-BG01060,77.2509425507965
431-BG00539,72.29239622517636
431-BG01008,67.67881029908347
431-BG01087,69.41222000890984
431-BG01094,70.34372277173654
431-BG01106,72.45893784549676
431-BG01103,71.14427826053023
431-BG01110,63.11449403342716
431-BG01123,63.578961321377484
431-BG01142,64.68414194880079
431-BG01112,63.65335125078834
431-BG01229,70.130200117873
431-BG01134,67.70664312309559
431-BG01136,68.69855045307825
431-BG01124,61.51032554443867
431-BG01109,68.66257723796465
431-BG01096,70.0546026460696
431-BG01102,64.26813508795726
431-BG01100,65.68999812520866
431-BG01097,65.0585703035519
431-BG01107,65.24277006419435
431-BG01115,75.40460288683613
431-BG01125,64.87221291897806
431-BG01114,67.72615085142262
431-BG01126,65.02937542521104
431-BG01138,74.9171367940018
431-BG01133,70.85562677978533
431-BG01132,60.42098278417288
431-BG01098,65.79998496858914
431-BG01135,66.41635684523752
431-BG01209,76.34685568799507
431-BG01245,68.58795689486766
431-BG00323,67.48384389725058
431-BG01322,62.728117323583874
431-BG01273,67.16134200588277
431-BG01247,64.4011732937195
431-BG01257,73.6460808581107
431-BG01236,67.16443104315607
431-BG01271,63.756235104392815
431-BG01339,69.21302817853956
431-BG01258,73.15682057801929
431-BG01277,65.67271323484538
431-BG01274,64.67851784521902
431-BG01280,65.8413335762196
431-BG01332,67.51974136411053
431-BG01292,63.35596108175392
431-BG01225,66.01872833118422
431-BG01291,70.47764449691695
431-BG01263,59.99858994730784
431-BG01287,74.50776768873655
431-BG01295,63.33840247985405
431-BG01331,69.14821045509953
431-BG00856,62.26622851534458
431-BG01220,68.2161822962068
431-BG01240,67.5113614086999
431-BG01275,62.363243152775944
431-BG01248,69.16591419317417
431-BG01317,66.47918161802986
431-BG01354,69.08251645232859
431-BG01261,57.947028786408396
431-BG01361,63.196409688744176
431-BG01348,64.30636695628696
431-BG01351,65.28119262584937
431-BG01360,70.00641295007699
431-BG01279,62.422864219970826
431-BG01330,71.85532858554123
431-BG01367,68.78658217303091
431-BG01344,77.72786727504628
431-BG01340,66.549057458153
431-BG01318,64.38182832322654
431-BG01373,65.87359157774254
431-BG01320,74.63102370251465
431-BG01371,66.87180054269963
431-BG01329,72.05482826661542
431-BG01368,64.690056934332
431-BG01352,63.84471524634971
431-BG01297,66.40252581301237
431-BG01372,71.43756477805529
431-BG01362,68.55558471274325
431-BG01396,66.88311650877861
431-BG01266,66.20506972282654
431-BG01381,68.56457959200878
431-BG01369,63.82631179384617
431-BG00588,67.87694686892394
431-BG01400,67.33485465230045
431-BG01375,70.22012575016267
431-BG01350,67.9363257055408
431-BG01265,71.17641684316598
431-BG01218,66.4379500252995
431-BG01262,60.88088589672206
431-BG01347,70.63115838596222
431-BG01328,66.95950038426754
431-BG01321,64.75771904953892
431-BG01364,65.6605793243241
431-BG01342,67.20089856766215
431-BG01293,59.46216632603826
431-BG01323,69.652138153641
431-BG01299,69.09498427172005
431-BG01337,68.35599341855568
431-BG01336,68.57294084104278
431-BG01338,66.8276207460165
431-BG01316,65.48848457867065
431-BG01300,64.838539736744
431-BG01319,63.86943215147774
431-BG01335,75.71113288275916
431-BG01284,64.41252019537863
431-BG01341,65.66421551349929
431-BG01358,59.76736373883198
431-BG01343,63.979206464579754
431-BG01353,67.20083926558272
431-BG01333,63.5770448798995
431-BG01314,66.06097361882847
431-BG01416,66.39568795918835
431-BG01430,62.720725302772216
431-BG01566,64.57090645613656
431-BG01398,63.637174819849015
431-BG01376,74.32485118369898
431-BG01379,67.83259690302924
431-BG01658,71.94913199629157
431-BG01659,65.8739527363297
431-BG01607,75.81990654675161
431-BG01580,72.97525754549338
431-BG01401,65.49484845435704
431-BG01370,61.59115617221172
431-BG01326,64.55565431493288
431-BG01078,67.77546954485535
431-BG01357,70.83914329963238
431-BG01359,72.01027693101449
431-BG01345,69.9371116462848
431-BG01397,70.42053357556752
431-BG01386,64.49469250247797
431-BG01445,66.63652831995684
431-BG01402,61.10925750516789
431-BG01324,66.76337953680401
431-BG01384,62.85736961599231
431-BG01390,64.98630544698682
431-BG01383,72.6810142513357
431-BG01404,66.5333827082146
431-BG01365,76.51304615271918
431-BG01406,65.23569675573633
431-BG01436,65.58995707161885
431-BG01429,74.42350324054463
431-BG01394,70.46192208709513
431-BG01443,67.28277959741013
431-BG01380,66.13997249249095
431-BG01385,69.8882744849723
431-BG01374,77.59067050066909
431-BG01363,64.51999172900717
431-BG01423,63.36699877073078
431-BG01438,72.0912347537888
431-BG01405,63.626108876416495
431-BG01432,68.89820099305575
431-BG01346,71.27601290204085
431-BG01418,73.09152953547306
431-BG01435,71.53696418871047
431-BG01441,63.32386574114045
431-BG01226,78.06295961548426
431-BG01565,72.46750358449725
431-BG01577,63.37006326169509
431-BG01422,66.25948459888832
431-BG01389,70.43801580164217
431-BG01427,72.21609713275377
431-BG01434,61.216660641296656
431-BG01227,70.03414081274315
431-BG00594,66.82323310266737
431-BG01563,74.01011150224554
431-BG01444,66.89840469561179
431-BG01403,67.45866534595633
431-BG01413,65.71857553870076
431-BG01378,67.54094443787038
